Date,Temperature,Precipitation
2021-03-23,26.2,0.0
2021-03-24,26.4,0.0
2021-03-25,26.9,0.0
2021-03-26,27.0,0.0
2021-03-27,27.0,0.0
2021-03-28,27.2,0.0
2021-03-29,27.4,0.0
2021-03-30,27.4,0.0
2021-03-31,28.9,0.0
2021-04-01,27.9,0.0
2021-04-02,27.4,0.0
2021-04-03,27.4,0.0
2021-04-04,27.6,0.0
2021-04-05,27.5,0.0
2021-04-06,27.4,0.0
2021-04-07,27.3,0.0
2021-04-08,27.3,0.0
2021-04-09,27.0,0.0
2021-04-10,26.5,0.0
2021-04-11,26.5,0.0
2021-04-12,26.5,0.0
2021-04-13,26.7,0.0
2021-04-14,24.7,4.6
2021-04-15,23.0,22.6
2021-04-16,24.5,0.9
2021-04-17,26.5,0.0
2021-04-18,26.5,0.2
2021-04-19,26.8,0.0
2021-04-20,25.2,7.9
2021-04-21,24.9,8.8
2021-04-22,25.9,1.1
2021-04-23,24.4,12.2
2021-04-24,24.0,17.6
2021-04-25,25.7,0.1
2021-04-26,26.3,0.0
2021-04-27,26.1,0.0
2021-04-28,26.9,0.0
2021-04-29,26.3,0.5
2021-04-30,26.5,0.0
2021-05-01,26.8,0.0
2021-05-02,26.7,0.0
2021-05-03,26.4,0.8
2021-05-04,25.2,3.3
2021-05-05,26.8,0.0
2021-05-06,27.1,0.0
2021-05-07,26.3,0.7
2021-05-08,26.8,0.9
2021-05-09,27.3,0.1
2021-05-10,26.3,4.9
2021-05-11,25.9,14.2
2021-05-12,25.1,10.0
2021-05-13,25.1,2.1
2021-05-14,25.7,2.3
2021-05-15,22.9,3.9
2021-05-16,22.6,8.2
2021-05-17,24.3,4.7
2021-05-18,24.8,0.1
2021-05-19,24.7,4.5
2021-05-20,23.8,22.0
2021-05-21,23.1,13.9
2021-05-22,23.2,2.4
2021-05-23,24.8,0.1
2021-05-24,24.9,0.0
2021-05-25,23.7,8.6
2021-05-26,24.0,0.1
2021-05-27,24.3,0.0
2021-05-28,24.3,0.0
2021-05-29,24.6,0.5
2021-05-30,25.0,0.2
2021-05-31,25.3,0.5
2021-06-01,25.5,4.8
2021-06-02,24.8,18.0
2021-06-03,23.7,20.1
2021-06-04,22.9,18.3
2021-06-05,23.0,7.3
2021-06-06,23.4,2.3
2021-06-07,24.3,0.0
2021-06-08,24.4,0.0
2021-06-09,23.4,1.7
2021-06-10,23.6,0.7
2021-06-11,23.6,0.0
2021-06-12,23.1,3.2
2021-06-13,22.6,2.0
2021-06-14,21.5,4.7
2021-06-15,22.5,2.9
2021-06-16,22.7,3.2
2021-06-17,23.3,0.8
2021-06-18,23.3,1.1
2021-06-19,22.7,0.0
2021-06-20,23.6,0.3
2021-06-21,23.6,0.2
2021-06-22,24.2,0.0
2021-06-23,24.7,0.3
2021-06-24,24.4,0.6
2021-06-25,24.6,0.0
2021-06-26,23.0,17.2
2021-06-27,22.1,2.6
2021-06-28,23.8,0.1
2021-06-29,25.1,0.6
2021-06-30,25.7,0.8
2021-07-01,24.6,10.9
2021-07-02,23.8,4.3
2021-07-03,23.8,7.8
2021-07-04,23.3,6.9
2021-07-05,23.5,1.6
2021-07-06,23.9,3.8
2021-07-07,23.4,10.0
2021-07-08,23.6,2.3
2021-07-09,22.6,10.9
2021-07-10,22.0,3.4
2021-07-11,22.2,3.0
2021-07-12,22.6,0.7
2021-07-13,22.1,4.5
2021-07-14,21.2,10.5
2021-07-15,20.5,17.3
2021-07-16,21.2,22.3
2021-07-17,22.0,14.4
2021-07-18,20.8,10.9
2021-07-19,22.6,1.7
2021-07-20,22.4,2.2
2021-07-21,22.0,3.4
2021-07-22,21.1,11.2
2021-07-23,21.8,8.1
2021-07-24,22.7,2.6
2021-07-25,23.1,1.9
2021-07-26,22.8,0.0
2021-07-27,22.8,0.5
2021-07-28,23.1,0.9
2021-07-29,22.7,1.2
2021-07-30,23.0,0.6
2021-07-31,23.1,1.0
2021-08-01,23.1,0.5
2021-08-02,22.8,1.0
2021-08-03,23.0,0.9
2021-08-04,23.1,2.1
2021-08-05,22.8,4.9
2021-08-06,23.3,2.3
2021-08-07,23.0,5.9
2021-08-08,23.5,4.0
2021-08-09,23.5,1.3
2021-08-10,23.0,3.8
2021-08-11,23.1,7.9
2021-08-12,22.5,8.8
2021-08-13,22.6,7.2
2021-08-14,22.4,1.4
2021-08-15,22.5,0.9
2021-08-16,22.5,1.5
2021-08-17,22.0,1.3
2021-08-18,22.6,3.3
2021-08-19,22.8,0.2
2021-08-20,23.0,0.4
2021-08-21,22.5,1.3
2021-08-22,22.3,20.7
2021-08-23,22.3,11.8
2021-08-24,23.0,2.8
2021-08-25,23.0,9.7
2021-08-26,23.1,8.0
2021-08-27,22.6,30.8
2021-08-28,21.7,7.4
2021-08-29,21.5,32.8
2021-08-30,22.3,0.7
2021-08-31,22.9,0.0
2021-09-01,23.1,1.4
2021-09-02,22.3,14.6
2021-09-03,21.5,12.7
2021-09-04,21.3,16.3
2021-09-05,21.5,13.7
2021-09-06,21.6,2.6
2021-09-07,22.0,2.1
2021-09-08,22.6,2.0
2021-09-09,22.9,1.0
2021-09-10,22.8,0.3
2021-09-11,22.3,1.0
2021-09-12,22.2,4.8
2021-09-13,23.0,1.7
2021-09-14,23.3,1.0
2021-09-15,22.9,1.6
2021-09-16,23.2,0.6
2021-09-17,23.6,0.1
2021-09-18,23.7,0.0
2021-09-19,24.2,4.1
2021-09-20,23.8,1.4
2021-09-21,23.7,1.0
2021-09-22,23.3,1.7
2021-09-23,23.5,1.9
2021-09-24,23.3,5.7
2021-09-25,22.9,7.5
2021-09-26,23.0,3.7
2021-09-27,22.2,5.9
2021-09-28,22.5,0.5
2021-09-29,22.7,0.4
2021-09-30,22.6,5.7
2021-10-01,23.0,12.3
2021-10-02,23.0,12.4
2021-10-03,23.4,2.0
2021-10-04,23.7,1.8
2021-10-05,22.9,5.3
2021-10-06,21.8,55.6
2021-10-07,23.1,5.5
2021-10-08,22.6,9.7
2021-10-09,21.9,9.9
2021-10-10,22.2,7.4
2021-10-11,22.1,17.7
2021-10-12,21.2,30.1
2021-10-13,21.6,10.9
2021-10-14,22.2,18.6
2021-10-15,22.2,13.9
2021-10-16,22.6,11.2
2021-10-17,22.7,5.5
2021-10-18,22.4,5.8
2021-10-19,22.8,0.7
2021-10-20,23.2,11.9
2021-10-21,22.6,7.0
2021-10-22,22.7,3.0
2021-10-23,22.0,9.5
2021-10-24,21.4,13.1
2021-10-25,22.1,0.9
2021-10-26,22.0,0.5
2021-10-27,22.1,0.0
2021-10-28,21.6,0.0
2021-10-29,21.5,7.1
2021-10-30,22.3,2.6
2021-10-31,21.8,4.6
2021-11-01,21.1,4.9
2021-11-02,21.8,0.5
2021-11-03,21.5,7.8
2021-11-04,21.9,2.8
2021-11-05,21.1,11.0
2021-11-06,22.0,0.5
2021-11-07,21.2,1.0
2021-11-08,20.7,3.6
2021-11-09,20.4,0.0
2021-11-10,19.6,1.9
2021-11-11,18.0,20.4
2021-11-12,19.8,5.7
2021-11-13,21.4,18.9
2021-11-14,21.2,11.9
2021-11-15,21.7,17.8
2021-11-16,21.6,25.4
2021-11-17,21.6,13.3
2021-11-18,20.0,69.6
2021-11-19,20.5,31.4
2021-11-20,21.2,7.5
2021-11-21,21.9,17.9
2021-11-22,21.4,8.8
2021-11-23,22.3,1.0
2021-11-24,21.7,0.4
2021-11-25,21.8,0.0
2021-11-26,21.4,0.0
2021-11-27,19.9,5.1
2021-11-28,20.9,4.4
2021-11-29,21.1,1.4
2021-11-30,21.3,1.4
2021-12-01,21.4,1.0
2021-12-02,21.6,3.9
2021-12-03,21.6,1.8
2021-12-04,21.3,4.2
2021-12-05,21.6,1.2
2021-12-06,21.7,0.7
2021-12-07,21.6,0.1
2021-12-08,21.3,0.0
2021-12-09,21.9,0.5
2021-12-10,21.2,0.0
2021-12-11,21.1,2.3
2021-12-12,21.0,0.4
2021-12-13,20.7,1.2
2021-12-14,20.8,0.8
2021-12-15,20.5,0.0
2021-12-16,20.7,0.0
2021-12-17,20.5,0.0
2021-12-18,19.7,0.0
2021-12-19,18.5,0.0
2021-12-20,18.3,0.0
2021-12-21,18.9,0.0
2021-12-22,19.2,0.0
2021-12-23,19.5,0.0
2021-12-24,19.6,0.0
2021-12-25,19.8,0.0
2021-12-26,20.4,0.0
2021-12-27,19.8,0.0
2021-12-28,20.1,0.0
2021-12-29,20.7,0.0
2021-12-30,20.1,0.6
2021-12-31,20.8,2.4
2022-01-01,20.8,2.3
2022-01-02,20.7,0.0
2022-01-03,20.5,0.0
2022-01-04,20.4,0.0
2022-01-05,20.2,0.0
2022-01-06,20.9,0.0
2022-01-07,21.3,0.1
2022-01-08,21.6,0.0
2022-01-09,21.4,0.0
2022-01-10,21.5,0.2
2022-01-11,21.6,0.1
2022-01-12,21.8,0.2
2022-01-13,21.5,0.0
2022-01-14,21.6,0.0
2022-01-15,21.7,0.0
2022-01-16,21.6,0.5
2022-01-17,21.1,0.2
2022-01-18,21.2,0.0
2022-01-19,20.8,0.0
2022-01-20,20.6,0.0
2022-01-21,22.0,0.0
2022-01-22,21.5,0.0
2022-01-23,21.3,0.0
2022-01-24,20.8,0.0
2022-01-25,20.8,0.0
2022-01-26,21.8,0.0
2022-01-27,21.1,2.3
2022-01-28,21.1,0.0
2022-01-29,21.2,0.0
2022-01-30,22.1,0.2
2022-01-31,23.4,0.0
2022-02-01,23.1,0.0
2022-02-02,22.7,0.0
2022-02-03,22.4,0.0
2022-02-04,22.3,0.0
2022-02-05,22.4,0.0
2022-02-06,22.5,0.0
2022-02-07,23.0,0.0
2022-02-08,22.2,0.0
2022-02-09,21.8,0.0
2022-02-10,21.8,0.0
2022-02-11,22.2,0.0
2022-02-12,22.2,0.0
2022-02-13,21.9,0.0
2022-02-14,21.9,0.0
2022-02-15,22.7,0.0
2022-02-16,22.7,0.0
2022-02-17,22.7,0.0
2022-02-18,22.4,0.0
2022-02-19,22.4,0.0
2022-02-20,22.9,0.0
2022-02-21,23.9,0.0
2022-02-22,24.5,0.0
2022-02-23,23.1,0.0
2022-02-24,22.2,0.0
2022-02-25,22.6,0.0
2022-02-26,22.1,0.0
2022-02-27,22.9,0.0
2022-02-28,22.9,0.0
2022-03-01,23.6,0.0
2022-03-02,23.3,0.0
2022-03-03,23.2,0.0
2022-03-04,23.4,0.0
2022-03-05,23.3,0.0
2022-03-06,23.5,0.0
2022-03-07,21.7,3.4
2022-03-08,23.6,0.1
2022-03-09,24.5,0.0
2022-03-10,25.1,0.0
2022-03-11,25.1,0.0
2022-03-12,25.1,0.0
2022-03-13,25.2,0.0
2022-03-14,25.7,0.0
2022-03-15,25.2,0.0
2022-03-16,25.1,0.0
2022-03-17,26.3,0.0
2022-03-18,26.4,0.0
2022-03-19,25.9,0.0
2022-03-20,24.7,0.0
2022-03-21,25.0,0.2
2022-03-22,24.8,0.0
2022-03-23,26.5,0.0
2022-03-24,26.2,0.4
2022-03-25,26.0,0.0
2022-03-26,26.4,0.0
2022-03-27,26.9,0.0
2022-03-28,27.1,0.0
2022-03-29,27.2,0.1
2022-03-30,27.6,0.2
2022-03-31,27.2,0.0
2022-04-01,27.4,0.0
2022-04-02,26.6,0.0
2022-04-03,26.4,0.0
2022-04-04,26.3,0.0
2022-04-05,26.0,0.0
2022-04-06,26.2,0.0
2022-04-07,27.0,0.0
2022-04-08,26.4,0.1
2022-04-09,26.9,0.0
2022-04-10,26.9,0.0
2022-04-11,27.0,0.0
2022-04-12,26.4,0.0
2022-04-13,25.6,2.5
2022-04-14,24.8,12.8
2022-04-15,26.0,5.3
2022-04-16,25.8,4.2
2022-04-17,24.3,10.5
2022-04-18,24.2,0.2
2022-04-19,25.9,0.0
2022-04-20,27.7,0.0
2022-04-21,27.0,0.0
2022-04-22,26.1,0.0
2022-04-23,26.3,0.0
2022-04-24,26.3,0.0
2022-04-25,27.5,0.0
2022-04-26,27.9,0.0
2022-04-27,28.3,0.0
2022-04-28,27.9,0.0
2022-04-29,28.9,0.0
2022-04-30,27.8,0.0
2022-05-01,27.8,0.0
2022-05-02,27.5,0.0
2022-05-03,26.5,1.6
2022-05-04,26.1,0.7
2022-05-05,24.7,0.6
2022-05-06,24.0,10.7
2022-05-07,25.3,0.6
2022-05-08,26.2,0.1
2022-05-09,25.7,0.1
2022-05-10,23.2,4.9
2022-05-11,22.7,0.4
2022-05-12,21.9,20.6
2022-05-13,22.6,18.1
2022-05-14,23.3,14.6
2022-05-15,23.8,17.3
2022-05-16,23.1,25.1
2022-05-17,23.1,18.0
2022-05-18,22.7,13.4
2022-05-19,21.5,0.9
2022-05-20,22.1,4.9
2022-05-21,22.7,0.5
2022-05-22,22.8,0.6
2022-05-23,24.2,0.3
2022-05-24,24.5,0.4
2022-05-25,24.8,0.5
2022-05-26,23.6,3.6
2022-05-27,23.9,0.1
2022-05-28,24.1,0.3
2022-05-29,24.3,0.0
2022-05-30,23.8,6.2
2022-05-31,23.6,2.1
2022-06-01,23.1,4.8
2022-06-02,23.8,0.5
2022-06-03,23.9,8.7
2022-06-04,24.7,9.4
2022-06-05,24.0,15.1
2022-06-06,23.6,7.4
2022-06-07,23.1,1.3
2022-06-08,23.7,0.4
2022-06-09,23.9,0.7
2022-06-10,23.9,1.8
2022-06-11,23.2,1.6
2022-06-12,23.0,11.0
2022-06-13,23.7,0.1
2022-06-14,23.4,11.8
2022-06-15,23.1,0.5
2022-06-16,23.0,10.2
2022-06-17,22.8,7.7
2022-06-18,22.4,24.1
2022-06-19,22.8,3.0
2022-06-20,23.0,1.7
2022-06-21,22.2,7.1
2022-06-22,22.2,0.9
2022-06-23,22.1,0.9
2022-06-24,23.1,1.2
2022-06-25,22.5,10.2
2022-06-26,23.2,1.0
2022-06-27,23.1,0.5
2022-06-28,22.9,1.0
2022-06-29,22.6,3.0
2022-06-30,22.4,13.3
2022-07-01,22.9,6.3
2022-07-02,23.4,3.4
2022-07-03,22.6,4.9
2022-07-04,21.8,1.7
2022-07-05,21.3,10.3
2022-07-06,21.6,3.6
2022-07-07,21.3,15.2
2022-07-08,22.1,1.4
2022-07-09,21.0,11.4
2022-07-10,21.4,4.1
2022-07-11,21.0,5.0
2022-07-12,22.1,0.9
2022-07-13,21.8,3.3
2022-07-14,22.1,5.3
2022-07-15,22.8,1.7
2022-07-16,22.3,7.2
2022-07-17,22.6,5.0
2022-07-18,22.1,5.0
2022-07-19,22.5,1.8
2022-07-20,23.1,18.6
2022-07-21,22.8,10.0
2022-07-22,22.4,12.9
2022-07-23,22.0,1.6
2022-07-24,22.1,1.7
2022-07-25,22.8,0.3
2022-07-26,22.2,2.5
2022-07-27,22.3,5.6
2022-07-28,22.6,4.9
2022-07-29,22.9,5.0
2022-07-30,23.0,12.7
2022-07-31,22.9,9.9
2022-08-01,22.7,39.6
2022-08-02,22.5,25.0
2022-08-03,21.7,17.7
2022-08-04,21.6,17.6
2022-08-05,20.8,24.2
2022-08-06,21.5,5.2
2022-08-07,21.5,5.2
2022-08-08,21.9,3.7
2022-08-09,22.3,0.9
2022-08-10,22.2,2.5
2022-08-11,22.5,1.7
2022-08-12,22.8,1.0
2022-08-13,22.5,0.5
2022-08-14,22.2,0.0
2022-08-15,22.5,0.0
2022-08-16,23.0,0.3
2022-08-17,23.4,0.2
2022-08-18,23.3,0.9
2022-08-19,23.0,0.3
2022-08-20,22.9,0.3
2022-08-21,22.2,3.6
2022-08-22,22.1,4.4
2022-08-23,22.1,3.2
2022-08-24,21.3,8.0
2022-08-25,21.7,9.3
2022-08-26,21.8,20.2
2022-08-27,21.7,16.7
2022-08-28,22.1,4.2
2022-08-29,22.1,17.3
2022-08-30,22.7,9.3
2022-08-31,22.3,5.2
2022-09-01,21.9,12.5
2022-09-02,22.7,1.4
2022-09-03,23.0,1.6
2022-09-04,23.1,11.8
2022-09-05,22.6,5.8
2022-09-06,22.0,12.7
2022-09-07,21.8,8.1
2022-09-08,21.1,7.3
2022-09-09,22.0,3.0
2022-09-10,21.9,8.9
2022-09-11,22.5,2.6
2022-09-12,22.5,0.8
2022-09-13,22.2,1.2
2022-09-14,22.1,1.2
2022-09-15,22.0,0.8
2022-09-16,22.3,0.1
2022-09-17,22.4,0.4
2022-09-18,22.6,0.4
2022-09-19,22.1,0.4
2022-09-20,21.7,0.1
2022-09-21,21.9,0.9
2022-09-22,21.9,0.0
2022-09-23,22.0,0.4
2022-09-24,22.3,1.6
2022-09-25,22.6,0.6
2022-09-26,22.3,3.0
2022-09-27,23.0,1.2
2022-09-28,23.5,0.3
2022-09-29,22.8,0.0
2022-09-30,21.2,8.1
2022-10-01,20.6,6.0
2022-10-02,22.0,0.9
2022-10-03,22.4,0.7
2022-10-04,22.3,0.2
2022-10-05,22.6,1.2
2022-10-06,21.5,5.5
2022-10-07,21.8,1.1
2022-10-08,22.1,0.1
2022-10-09,21.6,15.9
2022-10-10,21.9,9.7
2022-10-11,22.1,6.5
2022-10-12,21.4,23.6
2022-10-13,21.8,21.9
2022-10-14,21.9,8.2
2022-10-15,22.3,7.8
2022-10-16,22.0,17.1
2022-10-17,22.3,2.7
2022-10-18,21.9,2.9
2022-10-19,21.9,6.5
2022-10-20,21.6,10.7
2022-10-21,21.6,2.7
2022-10-22,21.5,0.0
2022-10-23,20.4,0.0
2022-10-24,19.5,0.0
2022-10-25,19.7,0.0
2022-10-26,20.1,0.0
2022-10-27,20.7,0.0
2022-10-28,20.9,0.3
2022-10-29,21.6,1.0
2022-10-30,21.4,1.5
2022-10-31,21.3,0.0
2022-11-01,20.1,14.0
2022-11-02,19.8,9.9
2022-11-03,21.3,0.3
2022-11-04,21.9,1.3
2022-11-05,21.9,0.5
2022-11-06,21.4,0.4
2022-11-07,21.0,0.0
2022-11-08,21.4,0.0
2022-11-09,21.0,0.0
2022-11-10,21.2,0.3
2022-11-11,19.4,20.5
2022-11-12,20.5,3.0
2022-11-13,21.0,2.0
2022-11-14,21.4,1.5
2022-11-15,21.4,1.5
2022-11-16,21.7,0.0
2022-11-17,19.9,0.0
2022-11-18,19.1,0.0
2022-11-19,18.9,0.0
2022-11-20,18.6,0.0
2022-11-21,19.3,0.1
2022-11-22,20.0,1.8
2022-11-23,20.4,8.3
2022-11-24,21.2,3.7
2022-11-25,21.7,0.4
2022-11-26,21.6,0.0
2022-11-27,22.1,0.8
2022-11-28,22.3,0.9
2022-11-29,22.0,0.1
2022-11-30,20.1,0.0
2022-12-01,21.0,0.7
2022-12-02,22.3,0.0
2022-12-03,22.2,0.3
2022-12-04,22.6,0.0
2022-12-05,21.7,0.0
2022-12-06,21.9,0.0
2022-12-07,20.5,0.0
2022-12-08,20.6,0.2
2022-12-09,18.0,3.4
2022-12-10,17.7,32.5
2022-12-11,19.5,4.5
2022-12-12,20.6,4.0
2022-12-13,20.7,7.0
2022-12-14,20.6,0.1
2022-12-15,20.0,0.0
2022-12-16,19.8,0.0
2022-12-17,20.1,0.0
2022-12-18,20.6,0.0
2022-12-19,19.9,0.1
2022-12-20,19.8,0.0
2022-12-21,19.3,0.0
2022-12-22,19.2,0.0
2022-12-23,19.3,0.0
2022-12-24,19.3,0.0
2022-12-25,20.2,1.5
2022-12-26,21.6,0.8
2022-12-27,21.7,1.4
2022-12-28,22.0,0.0
2022-12-29,21.0,0.0
2022-12-30,20.7,0.0
2022-12-31,20.3,0.0
2023-01-01,20.7,0.0
2023-01-02,20.5,0.0
2023-01-03,20.0,0.0
2023-01-04,20.4,0.0
2023-01-05,20.0,0.1
2023-01-06,19.8,0.0
2023-01-07,20.3,0.0
2023-01-08,20.3,0.0
2023-01-09,19.0,0.0
2023-01-10,18.4,0.0
2023-01-11,18.7,0.0
2023-01-12,19.7,0.0
2023-01-13,19.7,0.0
2023-01-14,19.9,0.0
2023-01-15,19.7,0.0
2023-01-16,20.1,0.0
2023-01-17,20.0,0.0
2023-01-18,19.3,0.0
2023-01-19,19.4,0.0
2023-01-20,19.4,0.0
2023-01-21,21.0,0.0
2023-01-22,20.2,0.0
2023-01-23,20.4,0.0
2023-01-24,21.9,0.0
2023-01-25,20.7,0.0
2023-01-26,20.4,0.0
2023-01-27,20.7,0.0
2023-01-28,20.1,0.0
2023-01-29,20.5,0.0
2023-01-30,21.4,2.3
2023-01-31,22.1,0.0
2023-02-01,21.7,0.0
2023-02-02,22.2,0.0
2023-02-03,21.5,0.0
2023-02-04,22.5,0.0
2023-02-05,22.7,0.0
2023-02-06,22.1,0.0
2023-02-07,22.5,0.0
2023-02-08,23.4,0.0
2023-02-09,23.0,0.0
2023-02-10,22.7,0.0
2023-02-11,22.4,0.0
2023-02-12,23.0,0.0
2023-02-13,23.0,0.0
2023-02-14,22.5,0.0
2023-02-15,22.5,0.0
2023-02-16,22.8,0.0
2023-02-17,22.6,0.0
2023-02-18,22.6,0.0
2023-02-19,22.5,0.0
2023-02-20,22.9,0.0
2023-02-21,23.4,0.0
2023-02-22,23.5,0.0
2023-02-23,22.6,0.0
2023-02-24,22.5,0.0
2023-02-25,23.5,0.0
2023-02-26,23.1,0.0
2023-02-27,21.7,0.0
2023-02-28,22.1,0.0
2023-03-01,23.5,0.0
2023-03-02,22.6,0.0
2023-03-03,22.8,0.0
2023-03-04,23.5,0.0
2023-03-05,23.9,0.0
2023-03-06,23.8,0.0
2023-03-07,23.5,0.0
2023-03-08,23.6,0.0
2023-03-09,23.3,0.0
2023-03-10,23.1,0.0
2023-03-11,23.6,0.0
2023-03-12,23.4,0.0
2023-03-13,24.7,0.0
2023-03-14,25.5,0.0
2023-03-15,25.5,0.0
2023-03-16,24.4,1.2
2023-03-17,22.9,3.9
2023-03-18,23.1,12.4
2023-03-19,23.0,6.7
2023-03-20,23.7,0.0
2023-03-21,24.0,0.0
2023-03-22,24.9,0.0
2023-03-23,26.0,0.0
2023-03-24,26.2,0.0
2023-03-25,24.7,1.3
2023-03-26,25.8,0.4
2023-03-27,26.9,0.0
2023-03-28,27.1,0.0
2023-03-29,25.7,5.7
2023-03-30,25.7,0.6
2023-03-31,25.6,0.2
2023-04-01,25.1,1.5
2023-04-02,26.4,0.0
2023-04-03,26.1,0.0
2023-04-04,24.3,0.6
2023-04-05,26.0,0.0
2023-04-06,25.8,0.2
2023-04-07,25.9,0.0
2023-04-08,25.5,0.0
2023-04-09,25.2,0.0
2023-04-10,26.2,0.0
2023-04-11,26.3,0.0
2023-04-12,26.6,0.0
2023-04-13,27.1,0.0
2023-04-14,27.4,0.0
2023-04-15,27.0,0.0
2023-04-16,27.0,0.0
2023-04-17,27.2,0.0
2023-04-18,27.9,0.0
2023-04-19,28.1,0.0
2023-04-20,28.1,0.0
2023-04-21,27.6,0.0
2023-04-22,27.5,0.0
2023-04-23,27.2,0.0
2023-04-24,27.1,0.1
2023-04-25,26.3,2.1
2023-04-26,26.2,0.8
2023-04-27,27.0,0.1
2023-04-28,26.9,0.3
2023-04-29,24.9,4.5
2023-04-30,24.8,17.8
2023-05-01,23.3,3.8
2023-05-02,23.9,2.5
2023-05-03,22.9,5.2
2023-05-04,24.1,1.0
2023-05-05,23.5,0.7
2023-05-06,23.8,8.7
2023-05-07,23.1,4.1
2023-05-08,23.7,19.8
2023-05-09,24.7,9.6
2023-05-10,25.7,0.0
2023-05-11,25.3,6.7
2023-05-12,26.0,0.2
2023-05-13,25.3,2.1
2023-05-14,26.2,0.0
2023-05-15,26.2,0.0
2023-05-16,26.3,0.0
2023-05-17,27.4,0.0
2023-05-18,27.8,0.1
2023-05-19,27.7,0.0
2023-05-20,26.6,0.1
2023-05-21,24.7,7.3
2023-05-22,24.9,1.6
2023-05-23,25.6,1.0
2023-05-24,25.3,6.6
2023-05-25,25.2,1.4
2023-05-26,25.2,0.0
2023-05-27,25.5,0.5
2023-05-28,26.4,0.0
2023-05-29,26.6,1.8
2023-05-30,24.1,36.6
2023-05-31,24.5,20.3
2023-06-01,25.1,3.1
2023-06-02,25.1,0.0
2023-06-03,25.8,0.4
2023-06-04,25.1,0.0
2023-06-05,25.6,0.1
2023-06-06,26.1,0.3
2023-06-07,26.1,0.0
2023-06-08,26.0,0.0
2023-06-09,25.0,5.5
2023-06-10,24.6,0.7
2023-06-11,24.9,0.2
2023-06-12,24.6,13.0
2023-06-13,24.5,1.8
2023-06-14,24.7,1.1
2023-06-15,25.5,0.0
2023-06-16,26.0,0.0
2023-06-17,25.2,0.2
2023-06-18,24.8,1.0
2023-06-19,24.1,2.4
2023-06-20,22.8,18.5
2023-06-21,23.9,13.6
2023-06-22,23.6,3.7
2023-06-23,23.7,0.5
2023-06-24,23.4,3.6
2023-06-25,23.4,0.9
2023-06-26,23.6,0.2
2023-06-27,23.2,2.3
2023-06-28,23.7,2.4
2023-06-29,23.4,9.1
2023-06-30,24.2,1.7
2023-07-01,24.5,0.7
2023-07-02,23.8,4.7
2023-07-03,23.2,8.3
2023-07-04,22.1,14.9
2023-07-05,21.8,12.3
2023-07-06,21.3,15.3
2023-07-07,22.4,4.9
2023-07-08,22.3,1.8
2023-07-09,22.9,4.6
2023-07-10,22.6,4.3
2023-07-11,22.4,0.7
2023-07-12,23.0,1.7
2023-07-13,21.9,6.2
2023-07-14,22.7,2.4
2023-07-15,23.2,0.6
2023-07-16,23.3,1.3
2023-07-17,23.2,2.5
2023-07-18,23.6,0.8
2023-07-19,22.8,1.1
2023-07-20,23.1,1.6
2023-07-21,23.1,2.3
2023-07-22,22.4,8.4
2023-07-23,22.1,9.7
2023-07-24,21.6,12.7
2023-07-25,21.2,13.5
2023-07-26,20.8,19.3
2023-07-27,22.3,2.3
2023-07-28,22.8,1.5
2023-07-29,22.9,1.0
2023-07-30,23.0,0.7
2023-07-31,23.4,1.3
2023-08-01,23.5,0.4
2023-08-02,23.3,0.0
2023-08-03,23.5,1.0
2023-08-04,23.2,1.1
2023-08-05,23.6,1.2
2023-08-06,24.0,0.3
2023-08-07,23.8,0.9
2023-08-08,23.4,0.6
2023-08-09,23.8,1.1
2023-08-10,24.0,0.5
2023-08-11,24.3,0.6
2023-08-12,24.6,0.3
2023-08-13,24.3,0.1
2023-08-14,24.5,0.4
2023-08-15,24.1,0.5
2023-08-16,24.7,0.0
2023-08-17,24.7,0.6
2023-08-18,24.3,1.1
2023-08-19,23.0,7.3
2023-08-20,24.2,0.8
2023-08-21,24.7,0.0
2023-08-22,24.9,0.8
2023-08-23,25.1,0.0
2023-08-24,24.8,0.0
2023-08-25,24.9,0.0
2023-08-26,24.5,3.8
2023-08-27,25.0,0.1
2023-08-28,25.6,0.0
2023-08-29,25.4,0.7
2023-08-30,24.9,12.5
2023-08-31,23.9,8.8
2023-09-01,24.3,9.2
2023-09-02,23.4,11.8
2023-09-03,23.7,0.0
2023-09-04,22.8,1.2
2023-09-05,22.1,1.5
2023-09-06,23.2,1.3
2023-09-07,23.3,4.7
2023-09-08,23.4,2.1
2023-09-09,23.6,1.1
2023-09-10,23.7,2.0
2023-09-11,23.4,1.6
2023-09-12,23.6,2.5
2023-09-13,23.0,4.1
2023-09-14,22.9,0.6
2023-09-15,23.1,3.5
2023-09-16,23.5,5.8
2023-09-17,22.5,7.5
2023-09-18,22.8,4.8
2023-09-19,23.4,1.0
2023-09-20,23.3,0.3
2023-09-21,23.2,0.2
2023-09-22,23.2,6.2
2023-09-23,23.6,6.5
2023-09-24,23.0,7.5
2023-09-25,22.8,1.1
2023-09-26,23.3,1.8
2023-09-27,23.0,11.5
2023-09-28,21.9,9.4
2023-09-29,22.4,5.7
2023-09-30,23.0,2.7
2023-10-01,23.0,1.1
2023-10-02,23.5,0.3
2023-10-03,23.2,0.1
2023-10-04,23.5,0.4
2023-10-05,23.6,2.2
2023-10-06,24.5,1.5
2023-10-07,24.2,0.8
2023-10-08,23.9,14.4
2023-10-09,22.8,19.3
2023-10-10,23.3,1.9
2023-10-11,24.0,1.0
2023-10-12,24.1,0.3
2023-10-13,23.4,0.0
2023-10-14,23.7,0.0
2023-10-15,24.2,0.0
2023-10-16,24.3,0.4
2023-10-17,24.5,0.3
2023-10-18,24.3,0.0
2023-10-19,24.1,0.0
2023-10-20,24.7,0.0
2023-10-21,25.0,0.0
2023-10-22,24.9,0.0
2023-10-23,23.9,0.0
2023-10-24,23.5,0.0
2023-10-25,23.5,0.0
2023-10-26,23.7,0.0
2023-10-27,24.4,0.0
2023-10-28,25.0,0.0
2023-10-29,23.4,6.1
2023-10-30,23.3,4.1
2023-10-31,22.9,1.4
2023-11-01,23.5,1.3
2023-11-02,23.2,0.6
2023-11-03,23.6,2.0
2023-11-04,22.6,4.8
2023-11-05,22.2,22.6
2023-11-06,22.4,26.6
2023-11-07,22.0,9.2
2023-11-08,22.4,13.2
2023-11-09,22.2,6.4
2023-11-10,22.8,0.9
2023-11-11,21.9,0.0
2023-11-12,21.3,0.0
2023-11-13,21.5,0.0
2023-11-14,20.8,0.7
2023-11-15,22.0,1.0
2023-11-16,23.3,0.0
2023-11-17,23.4,0.0
2023-11-18,23.6,0.0
2023-11-19,22.7,0.0
2023-11-20,22.3,0.1
2023-11-21,22.7,3.5
2023-11-22,23.0,1.7
2023-11-23,22.1,5.4
2023-11-24,22.2,3.7
2023-11-25,22.5,1.5
2023-11-26,22.0,0.6
2023-11-27,22.3,1.9
2023-11-28,22.6,0.7
2023-11-29,22.5,0.5
2023-11-30,22.4,0.2
2023-12-01,22.2,2.9
2023-12-02,22.0,1.2
2023-12-03,22.0,2.8
2023-12-04,21.5,0.0
2023-12-05,22.8,0.0
2023-12-06,22.5,0.0
2023-12-07,23.3,0.1
2023-12-08,22.9,1.9
2023-12-09,22.8,1.9
2023-12-10,23.0,0.0
2023-12-11,22.6,0.2
2023-12-12,22.3,0.0
2023-12-13,20.8,0.0
2023-12-14,21.2,0.0
2023-12-15,21.6,0.0
2023-12-16,22.5,0.7
2023-12-17,21.5,0.2
2023-12-18,21.5,0.0
2023-12-19,21.3,0.0
2023-12-20,21.1,0.0
2023-12-21,21.8,0.0
2023-12-22,22.3,0.0
2023-12-23,20.9,0.0
2023-12-24,20.9,0.0
2023-12-25,22.0,0.0
2023-12-26,20.7,0.0
2023-12-27,20.6,0.0
2023-12-28,21.1,0.0
2023-12-29,21.4,0.0
2023-12-30,21.5,0.0
2023-12-31,21.2,0.0
2024-01-01,21.7,0.0
2024-01-02,21.9,0.0
2024-01-03,21.5,0.0
2024-01-04,21.3,2.7
2024-01-05,22.4,0.2
2024-01-06,22.8,1.2
2024-01-07,22.1,0.0
2024-01-08,20.3,2.4
2024-01-09,21.6,1.0
2024-01-10,20.9,0.0
2024-01-11,21.4,0.0
2024-01-12,20.8,0.0
2024-01-13,21.2,0.0
2024-01-14,21.7,0.0
2024-01-15,21.4,0.0
2024-01-16,21.5,0.0
2024-01-17,21.7,0.0
2024-01-18,22.2,0.0
2024-01-19,22.8,0.0
2024-01-20,22.5,0.0
2024-01-21,22.8,0.0
2024-01-22,23.0,0.0
2024-01-23,22.7,0.0
2024-01-24,23.0,0.0
2024-01-25,23.1,0.0
2024-01-26,22.0,0.0
2024-01-27,21.6,0.0
2024-01-28,21.6,0.0
2024-01-29,21.6,0.0
2024-01-30,21.7,0.0
2024-01-31,22.9,0.0
2024-02-01,23.4,0.0
2024-02-02,23.9,0.0
2024-02-03,24.3,0.0
2024-02-04,23.3,0.0
2024-02-05,23.1,0.0
2024-02-06,23.6,0.0
2024-02-07,24.4,0.0
2024-02-08,24.8,0.0
2024-02-09,24.5,0.0
2024-02-10,23.4,0.0
2024-02-11,23.2,0.0
2024-02-12,22.7,0.0
2024-02-13,23.2,0.0
2024-02-14,23.8,0.0
2024-02-15,23.5,0.0
2024-02-16,22.9,0.0
2024-02-17,24.0,0.0
2024-02-18,24.8,0.0
2024-02-19,24.3,0.0
2024-02-20,25.3,0.0
2024-02-21,25.7,0.0
2024-02-22,25.8,0.0
2024-02-23,25.6,0.0
2024-02-24,25.8,0.0
2024-02-25,25.5,0.0
2024-02-26,24.0,0.0
2024-02-27,24.2,0.0
2024-02-28,24.8,0.0
2024-02-29,24.5,0.0
2024-03-01,24.6,0.0
2024-03-02,25.1,0.0
2024-03-03,25.4,0.0
2024-03-04,26.6,0.0
2024-03-05,26.7,0.0
2024-03-06,27.1,0.0
2024-03-07,27.3,0.0
2024-03-08,26.9,0.0
2024-03-09,27.6,0.0
2024-03-10,27.5,0.0
2024-03-11,27.3,0.0
2024-03-12,27.3,0.0
2024-03-13,27.9,0.0
2024-03-14,27.9,0.0
2024-03-15,28.6,0.0
2024-03-16,28.3,0.0
2024-03-17,27.4,0.0
2024-03-18,27.2,0.0
2024-03-19,27.3,0.0
2024-03-20,27.3,0.0
2024-03-21,25.8,0.0
2024-03-22,26.8,0.0
2024-03-23,27.2,0.0
2024-03-24,27.5,0.0
2024-03-25,27.6,0.0
2024-03-26,27.5,0.0
2024-03-27,26.9,0.0
2024-03-28,27.7,0.0
2024-03-29,28.5,0.0
2024-03-30,28.2,0.0
2024-03-31,27.5,0.0
2024-04-01,28.1,0.0
2024-04-02,29.3,0.0
2024-04-03,29.0,0.0
2024-04-04,29.0,0.0
2024-04-05,29.4,0.0
2024-04-06,29.8,0.0
2024-04-07,29.6,0.0
2024-04-08,29.3,0.0
2024-04-09,28.3,0.0
2024-04-10,28.3,0.0
2024-04-11,28.5,0.0
2024-04-12,27.6,0.1
2024-04-13,27.8,0.0
2024-04-14,28.0,0.0
2024-04-15,28.4,0.0
2024-04-16,28.6,0.0
2024-04-17,29.7,0.0
2024-04-18,30.4,0.0
2024-04-19,31.0,0.0
2024-04-20,30.3,0.0
2024-04-21,30.3,0.0
2024-04-22,30.2,0.0
2024-04-23,29.8,0.0
2024-04-24,29.8,0.0
2024-04-25,30.3,0.0
2024-04-26,30.1,0.0
2024-04-27,29.9,0.0
2024-04-28,30.4,0.0
2024-04-29,30.4,0.0
2024-04-30,30.8,0.0
2024-05-01,31.5,0.0
2024-05-02,31.0,0.6
2024-05-03,29.7,0.2
2024-05-04,29.4,0.1
2024-05-05,30.1,0.0
2024-05-06,30.4,0.0
2024-05-07,29.2,0.1
2024-05-08,27.6,6.2
2024-05-09,27.3,4.5
2024-05-10,26.6,6.0
2024-05-11,27.4,0.0
2024-05-12,26.2,5.8
2024-05-13,26.1,4.9
2024-05-14,24.9,16.2
2024-05-15,26.2,1.0
2024-05-16,24.5,2.8
2024-05-17,24.1,15.0
2024-05-18,24.1,19.5
2024-05-19,24.3,9.1
2024-05-20,23.8,25.2
2024-05-21,24.2,10.5
2024-05-22,24.9,12.9
2024-05-23,25.8,0.7
2024-05-24,24.8,3.5
2024-05-25,25.1,0.5
2024-05-26,24.7,2.4
2024-05-27,25.5,0.0
2024-05-28,25.7,0.0
2024-05-29,26.3,0.2
2024-05-30,26.0,2.4
2024-05-31,26.5,1.2
2024-06-01,25.5,28.0
2024-06-02,25.5,10.3
2024-06-03,24.7,0.6
2024-06-04,24.6,7.1
2024-06-05,23.8,20.8
2024-06-06,23.6,8.4
2024-06-07,23.3,7.2
2024-06-08,23.8,1.9
2024-06-09,23.5,3.3
2024-06-10,23.7,2.2
2024-06-11,23.6,0.6
2024-06-12,23.0,6.9
2024-06-13,23.1,3.1
2024-06-14,23.9,0.0
2024-06-15,24.2,0.0
2024-06-16,23.9,1.0
2024-06-17,24.1,0.6
2024-06-18,23.8,4.4
2024-06-19,23.4,5.4
2024-06-20,23.5,0.6
2024-06-21,23.1,3.3
2024-06-22,23.7,1.9
2024-06-23,23.8,1.6
2024-06-24,23.7,4.1
2024-06-25,23.6,1.6
2024-06-26,23.3,2.2
2024-06-27,22.5,6.1
2024-06-28,23.9,0.8
2024-06-29,23.8,1.0
2024-06-30,23.5,1.4
2024-07-01,23.0,9.0
2024-07-02,24.0,0.1
2024-07-03,23.2,10.4
2024-07-04,22.4,3.8
2024-07-05,23.2,6.9
2024-07-06,22.6,5.9
2024-07-07,23.4,1.0
2024-07-08,23.2,5.6
2024-07-09,23.3,2.9
2024-07-10,23.3,1.5
2024-07-11,23.2,3.7
2024-07-12,22.9,17.4
2024-07-13,22.7,1.2
2024-07-14,22.5,1.5
2024-07-15,21.7,16.8
2024-07-16,21.8,16.2
2024-07-17,22.1,5.2
2024-07-18,22.1,9.3
2024-07-19,21.1,14.5
2024-07-20,22.0,2.8
2024-07-21,22.9,1.1
2024-07-22,23.1,1.4
2024-07-23,23.3,2.2
2024-07-24,23.2,1.5
2024-07-25,22.9,2.3
2024-07-26,23.1,2.2
2024-07-27,23.2,0.6
2024-07-28,22.8,0.2
2024-07-29,23.3,3.7
2024-07-30,21.2,11.7
2024-07-31,22.0,10.6
2024-08-01,22.4,3.4
2024-08-02,22.6,4.3
2024-08-03,22.3,7.6
2024-08-04,23.2,2.0
2024-08-05,22.7,1.2
2024-08-06,22.2,8.6
2024-08-07,21.9,5.2
2024-08-08,22.4,16.1
2024-08-09,23.1,12.4
2024-08-10,22.8,19.2
2024-08-11,23.6,3.0
2024-08-12,24.1,2.4
2024-08-13,23.8,12.7
2024-08-14,24.5,1.5
2024-08-15,24.6,2.0
2024-08-16,23.8,13.3
2024-08-17,23.9,3.7
2024-08-18,24.1,0.1
2024-08-19,23.6,17.4
2024-08-20,23.5,19.7
2024-08-21,23.3,1.2
2024-08-22,23.1,0.4
2024-08-23,23.1,0.1
2024-08-24,22.8,3.8
2024-08-25,22.7,0.9
2024-08-26,23.0,1.2
2024-08-27,22.7,1.7
2024-08-28,22.3,1.4
2024-08-29,21.9,9.4
2024-08-30,21.8,3.9
2024-08-31,21.5,4.6
2024-09-01,22.3,5.3
2024-09-02,22.9,4.1
2024-09-03,23.1,1.4
2024-09-04,23.2,0.5
2024-09-05,23.2,0.5
2024-09-06,22.8,1.6
2024-09-07,22.5,11.9
2024-09-08,22.3,2.6
2024-09-09,22.9,6.0
2024-09-10,23.3,1.9
2024-09-11,23.4,0.7
2024-09-12,23.3,0.7
2024-09-13,23.1,0.0
2024-09-14,23.1,0.9
2024-09-15,23.3,0.6
2024-09-16,22.8,0.7
2024-09-17,23.1,0.4
2024-09-18,23.0,0.0
2024-09-19,23.0,0.6
2024-09-20,23.8,0.1
2024-09-21,24.0,0.1
2024-09-22,24.0,1.4
2024-09-23,23.5,5.3
2024-09-24,23.1,4.4
2024-09-25,23.3,2.5
2024-09-26,23.6,0.6
2024-09-27,23.4,1.5
2024-09-28,23.2,3.0
2024-09-29,24.0,5.5
2024-09-30,24.5,0.1
2024-10-01,24.8,0.4
2024-10-02,24.2,9.8
2024-10-03,23.4,4.2
2024-10-04,23.6,7.2
2024-10-05,22.4,11.3
2024-10-06,23.3,0.5
2024-10-07,23.1,0.9
2024-10-08,23.2,10.7
2024-10-09,23.3,5.2
2024-10-10,22.8,6.5
2024-10-11,22.9,4.9
2024-10-12,23.2,7.2
2024-10-13,23.3,1.8
2024-10-14,21.0,14.4
2024-10-15,21.2,31.5
2024-10-16,20.8,13.3
2024-10-17,22.8,0.8
2024-10-18,22.2,8.4
2024-10-19,21.4,8.5
2024-10-20,21.7,21.1
2024-10-21,22.2,17.8
2024-10-22,22.0,27.3
2024-10-23,22.4,20.1
2024-10-24,22.0,1.1
2024-10-25,21.9,0.0
2024-10-26,21.6,0.0
2024-10-27,21.1,0.0
2024-10-28,21.9,0.0
2024-10-29,22.5,0.4
2024-10-30,22.4,1.1
2024-10-31,22.5,4.0
2024-11-01,22.3,8.2
2024-11-02,22.1,1.2
2024-11-03,22.4,0.7
2024-11-04,22.4,1.0
2024-11-05,21.9,0.0
2024-11-06,22.2,0.1
2024-11-07,22.6,1.3
2024-11-08,22.8,0.0
2024-11-09,22.2,0.0
2024-11-10,22.0,0.4
2024-11-11,22.2,0.0
2024-11-12,22.2,0.9
2024-11-13,22.3,9.9
2024-11-14,21.9,6.0
2024-11-15,22.1,10.0
2024-11-16,22.1,3.4
2024-11-17,22.7,0.5
2024-11-18,22.3,0.1
2024-11-19,22.3,0.0
2024-11-20,22.1,0.0
2024-11-21,22.0,0.0
2024-11-22,21.9,0.0
2024-11-23,22.3,0.0
2024-11-24,22.9,0.0
2024-11-25,22.1,0.0
2024-11-26,21.7,0.0
2024-11-27,21.7,0.0
2024-11-28,21.5,0.0
2024-11-29,21.7,0.8
2024-11-30,21.0,0.3
2024-12-01,21.4,8.0
2024-12-02,21.3,35.0
2024-12-03,22.2,4.7
2024-12-04,21.9,0.0
2024-12-05,22.3,0.8
2024-12-06,22.5,0.0
2024-12-07,22.3,0.6
2024-12-08,22.1,0.0
2024-12-09,22.4,0.1
2024-12-10,22.5,0.0
2024-12-11,21.9,0.0
2024-12-12,20.2,21.2
2024-12-13,21.2,1.3
2024-12-14,21.2,0.0
2024-12-15,19.3,0.0
2024-12-16,19.3,0.0
2024-12-17,20.4,0.0
2024-12-18,21.6,0.3
2024-12-19,22.9,0.3
2024-12-20,22.9,0.1
2024-12-21,23.1,0.0
2024-12-22,22.9,0.0
2024-12-23,22.4,0.0
2024-12-24,22.4,0.0
2024-12-25,22.2,0.0
2024-12-26,22.2,3.6
2024-12-27,21.2,1.7
2024-12-28,21.2,0.0
2024-12-29,21.4,0.0
2024-12-30,21.2,0.0
2024-12-31,21.6,0.0
2025-01-01,20.9,0.0
2025-01-02,20.6,0.0
2025-01-03,20.3,0.0
2025-01-04,19.7,0.0
2025-01-05,20.2,0.0
2025-01-06,20.5,0.0
2025-01-07,21.3,0.0
2025-01-08,21.0,0.0
2025-01-09,19.8,0.0
2025-01-10,20.8,0.0
2025-01-11,21.8,0.0
2025-01-12,21.8,0.0
2025-01-13,22.5,0.8
2025-01-14,22.2,0.1
2025-01-15,20.4,0.2
2025-01-16,20.8,0.0
2025-01-17,20.8,0.0
2025-01-18,21.2,0.0
2025-01-19,20.0,6.0
2025-01-20,21.6,0.0
2025-01-21,21.0,0.0
2025-01-22,21.6,0.0
2025-01-23,22.4,0.0
2025-01-24,21.3,0.0
2025-01-25,21.4,0.0
2025-01-26,21.9,0.0
2025-01-27,21.4,0.0
2025-01-28,21.3,0.0
2025-01-29,21.9,0.0
2025-01-30,22.4,0.0
2025-01-31,24.2,0.0
2025-02-01,24.5,0.0
2025-02-02,24.0,0.0
2025-02-03,23.4,0.0
2025-02-04,23.9,0.0
2025-02-05,23.9,0.0
2025-02-06,23.4,0.0
2025-02-07,23.4,0.0
2025-02-08,23.6,0.0
2025-02-09,23.6,0.0
2025-02-10,22.8,0.0
2025-02-11,23.3,0.0
2025-02-12,24.3,0.0
2025-02-13,24.9,0.0
2025-02-14,25.4,0.0
2025-02-15,25.4,0.0
2025-02-16,25.1,0.0
2025-02-17,24.7,0.0
2025-02-18,24.9,0.0
2025-02-19,25.8,0.0
2025-02-20,25.7,0.0
2025-02-21,25.3,0.0
2025-02-22,25.5,0.0
2025-02-23,25.6,0.0
2025-02-24,24.7,0.0
2025-02-25,23.8,0.0
2025-02-26,24.3,0.0
2025-02-27,24.3,0.0
2025-02-28,24.5,0.0
2025-03-01,24.7,0.0
2025-03-02,25.8,0.0
2025-03-03,26.7,0.0
2025-03-04,27.2,0.0
2025-03-05,27.6,0.0
2025-03-06,27.5,0.0
2025-03-07,27.0,0.0
2025-03-08,26.8,0.0
2025-03-09,26.6,0.0
2025-03-10,24.5,0.0
2025-03-11,23.4,2.5
2025-03-12,24.5,2.3
2025-03-13,26.3,0.0
2025-03-14,27.4,0.0
2025-03-15,26.9,0.0
2025-03-16,26.7,0.0
2025-03-17,27.3,0.0
2025-03-18,27.9,0.0
2025-03-19,27.2,0.0
2025-03-20,26.4,0.0
2025-03-21,26.8,0.0
2025-03-22,24.7,23.8
2025-03-23,24.1,0.1
2025-03-24,24.7,0.0
2025-03-25,25.3,0.0
2025-03-26,26.5,0.0
2025-03-27,27.4,0.0
2025-03-28,28.0,0.0
2025-03-29,28.4,0.0
2025-03-30,28.0,0.0
2025-03-31,28.0,0.0
2025-04-01,26.4,0.0
2025-04-02,26.1,0.1
2025-04-03,25.3,8.0
2025-04-04,23.3,3.0
2025-04-05,24.9,0.0
2025-04-06,26.8,0.0
2025-04-07,27.7,0.0
2025-04-08,27.5,0.0
2025-04-09,27.4,0.0
2025-04-10,27.3,0.0
2025-04-11,26.3,4.7
2025-04-12,25.7,1.5
2025-04-13,26.3,0.3
2025-04-14,26.8,0.7
2025-04-15,27.3,0.0
2025-04-16,25.7,10.8
2025-04-17,27.2,0.1
2025-04-18,26.7,1.1
2025-04-19,26.8,0.0
2025-04-20,26.7,0.1
2025-04-21,27.5,0.0
2025-04-22,28.3,0.0
2025-04-23,29.0,0.0
2025-04-24,29.0,0.0
2025-04-25,28.8,0.0
2025-04-26,28.5,0.0
2025-04-27,28.0,0.0
2025-04-28,27.6,0.0
2025-04-29,28.1,0.2
2025-04-30,28.6,1.0
2025-05-01,28.3,1.3
2025-05-02,27.1,2.9
2025-05-03,26.5,9.3
2025-05-04,27.2,0.3
2025-05-05,28.1,0.0
2025-05-06,27.4,0.0
2025-05-07,27.5,0.0
2025-05-08,27.1,0.0
2025-05-09,26.8,0.1
2025-05-10,26.9,0.7
2025-05-11,26.0,8.0
2025-05-12,25.6,1.2
2025-05-13,25.1,4.7
2025-05-14,26.2,1.6
2025-05-15,25.8,1.8
2025-05-16,25.3,3.6
2025-05-17,23.6,22.6
2025-05-18,24.0,16.5
2025-05-19,23.2,14.9
2025-05-20,22.7,15.2
2025-05-21,22.8,7.9
2025-05-22,23.6,0.1
2025-05-23,23.6,3.1
2025-05-24,22.7,5.5
2025-05-25,22.7,7.6
2025-05-26,21.6,15.2
2025-05-27,22.8,3.2
2025-05-28,23.1,3.3
2025-05-29,22.4,6.4
2025-05-30,22.1,2.2
2025-05-31,24.2,0.1
2025-06-01,24.2,0.0
2025-06-02,23.7,1.5
2025-06-03,23.6,1.8
2025-06-04,24.3,0.5
2025-06-05,24.6,0.0
2025-06-06,25.8,0.2
2025-06-07,25.6,0.3
2025-06-08,25.6,2.9
2025-06-09,23.8,11.9
2025-06-10,23.8,5.0
2025-06-11,23.3,7.0
2025-06-12,22.9,2.3
2025-06-13,22.6,3.9
2025-06-14,22.5,5.7
2025-06-15,21.9,4.0
2025-06-16,22.3,8.8
2025-06-17,22.3,6.6
2025-06-18,23.2,1.0
2025-06-19,23.7,0.0
2025-06-20,23.4,0.5
2025-06-21,23.5,0.2
2025-06-22,23.0,1.5
2025-06-23,22.8,1.1
2025-06-24,23.3,0.9
2025-06-25,22.9,8.6
2025-06-26,23.3,2.6
2025-06-27,23.0,0.6
2025-06-28,23.3,5.0
2025-06-29,23.7,0.2
2025-06-30,23.7,1.0
2025-07-01,23.7,0.1
2025-07-02,22.8,8.9
2025-07-03,22.0,5.5
2025-07-04,23.5,1.6
2025-07-05,23.2,2.8
2025-07-06,23.1,2.0
2025-07-07,23.7,0.8
2025-07-08,24.3,0.4
2025-07-09,23.8,1.5
2025-07-10,23.5,5.3
2025-07-11,23.0,5.0
2025-07-12,23.3,0.8
2025-07-13,23.0,7.6
2025-07-14,22.6,8.8
2025-07-15,22.9,2.8
2025-07-16,22.5,13.8
2025-07-17,22.1,13.9
2025-07-18,22.6,11.4
2025-07-19,21.7,21.1
2025-07-20,22.0,16.0
2025-07-21,21.5,17.5
2025-07-22,21.8,9.1
2025-07-23,22.0,7.0
2025-07-24,21.6,3.8
2025-07-25,22.0,9.2
2025-07-26,22.1,8.8
2025-07-27,22.2,1.7
2025-07-28,22.5,0.5
2025-07-29,22.5,1.1
2025-07-30,23.1,0.4
2025-07-31,22.9,1.1
2025-08-01,23.2,1.4
2025-08-02,23.5,1.2
2025-08-03,22.7,5.5
2025-08-04,23.3,2.6
2025-08-05,22.7,15.3
2025-08-06,23.2,1.4
2025-08-07,23.5,2.1
2025-08-08,22.6,6.3
2025-08-09,22.3,7.5
2025-08-10,22.0,12.9
2025-08-11,21.7,7.5
2025-08-12,21.6,5.9
2025-08-13,20.5,15.1
2025-08-14,21.1,5.1
2025-08-15,21.5,8.2
2025-08-16,22.0,5.9
2025-08-17,21.3,17.4
2025-08-18,20.7,6.9
2025-08-19,21.7,0.3
2025-08-20,22.4,1.3
2025-08-21,22.5,0.2
2025-08-22,22.5,4.6
2025-08-23,22.8,0.2
2025-08-24,23.1,0.3
2025-08-25,22.8,0.0
2025-08-26,22.6,1.6
2025-08-27,21.8,15.4
2025-08-28,21.6,8.7
2025-08-29,22.2,0.9
2025-08-30,22.8,4.0
2025-08-31,22.3,10.0
2025-09-01,22.5,4.3
2025-09-02,22.0,6.0
2025-09-03,21.6,5.5
2025-09-04,22.3,2.8
2025-09-05,22.8,1.3
2025-09-06,22.5,3.3
2025-09-07,23.1,1.8
2025-09-08,23.4,1.0
2025-09-09,23.6,1.5
2025-09-10,23.1,8.8
2025-09-11,22.4,0.4
2025-09-12,23.1,0.4
2025-09-13,23.3,1.2
2025-09-14,23.1,0.0
2025-09-15,23.2,2.0
2025-09-16,22.4,4.7
2025-09-17,22.1,10.7
2025-09-18,22.2,16.5
2025-09-19,21.3,6.8
2025-09-20,21.8,16.2
2025-09-21,22.4,3.5
2025-09-22,22.5,1.4
2025-09-23,21.9,8.4
2025-09-24,21.8,3.5
2025-09-25,22.1,8.5
2025-09-26,22.4,1.1
2025-09-27,22.2,2.8
2025-09-28,22.9,1.4
2025-09-29,23.0,0.4
2025-09-30,23.0,0.1
2025-10-01,23.6,2.4
2025-10-02,23.3,3.1
2025-10-03,23.6,10.9
2025-10-04,22.6,6.9
2025-10-05,23.1,2.1
2025-10-06,23.0,5.1
2025-10-07,23.8,0.8
2025-10-08,23.4,5.2
2025-10-09,22.6,35.4
2025-10-10,22.6,19.3
2025-10-11,22.7,9.1
2025-10-12,23.1,0.0
2025-10-13,23.1,0.0
2025-10-14,23.3,3.1
2025-10-15,22.5,4.8
2025-10-16,22.6,3.8
2025-10-17,22.2,5.1
2025-10-18,22.0,13.0
2025-10-19,22.4,22.4
2025-10-20,22.4,4.7
2025-10-21,21.5,6.0
2025-10-22,21.6,25.3
2025-10-23,22.3,1.6
2025-10-24,22.0,0.1
2025-10-25,22.8,0.0
2025-10-26,23.1,0.4
2025-10-27,21.4,2.5
2025-10-28,21.4,2.6
2025-10-29,22.2,0.1
2025-10-30,22.1,0.0
2025-10-31,22.4,0.0
2025-11-01,22.9,0.0
2025-11-02,23.0,0.0
2025-11-03,23.3,0.0
2025-11-04,22.4,0.1
2025-11-05,22.7,4.5
2025-11-06,22.0,1.9
2025-11-07,22.7,0.6
2025-11-08,22.3,0.0
2025-11-09,21.7,0.0
2025-11-10,22.4,0.0
2025-11-11,22.9,0.0
2025-11-12,23.1,0.1
2025-11-13,23.2,0.6
2025-11-14,22.5,0.0
2025-11-15,21.3,0.0
2025-11-16,21.8,0.0
2025-11-17,21.4,0.0
2025-11-18,20.8,5.8
2025-11-19,21.7,0.4
2025-11-20,22.2,0.0
2025-11-21,21.7,0.6
2025-11-22,22.3,1.5
2025-11-23,22.1,0.4
2025-11-24,22.1,0.0
2025-11-25,21.5,0.0
2025-11-26,20.9,0.0
2025-11-27,20.3,0.0
2025-11-28,19.8,0.0
2025-11-29,19.0,0.1
2025-11-30,19.3,6.3
2025-12-01,20.8,0.1
2025-12-02,21.2,0.3
2025-12-03,21.4,1.7
2025-12-04,21.4,7.5
2025-12-05,21.4,1.3
2025-12-06,20.9,0.0
2025-12-07,20.9,0.0
2025-12-08,20.5,0.0
2025-12-09,20.5,0.0
2025-12-10,21.2,0.0
2025-12-11,20.0,0.0
2025-12-12,19.8,0.0
2025-12-13,19.9,0.0
2025-12-14,19.7,0.0
2025-12-15,19.5,0.0
2025-12-16,20.2,0.1
2025-12-17,21.9,0.0
2025-12-18,20.2,0.0
2025-12-19,20.0,0.0
2025-12-20,19.1,0.0
2025-12-21,19.5,0.0
2025-12-22,19.2,0.0
2025-12-23,19.8,0.0
2025-12-24,19.8,0.0
2025-12-25,20.3,0.0
2025-12-26,21.2,0.0
2025-12-27,20.4,0.0
2025-12-28,20.3,0.0
2025-12-29,20.9,0.0
2025-12-30,22.1,0.0
2025-12-31,22.5,0.5
2026-01-01,22.3,0.5
2026-01-02,22.0,0.0
2026-01-03,21.7,0.0
2026-01-04,20.6,0.0
2026-01-05,20.2,0.0
2026-01-06,20.4,0.0
2026-01-07,20.4,0.0
2026-01-08,19.5,0.0
2026-01-09,19.4,0.0
2026-01-10,19.4,0.0
2026-01-11,19.0,0.0
2026-01-12,20.4,0.5
2026-01-13,21.1,0.8
2026-01-14,21.7,0.7
2026-01-15,22.7,0.0
2026-01-16,21.8,0.0
2026-01-17,20.8,0.0
2026-01-18,21.5,0.0
2026-01-19,21.8,0.0
2026-01-20,21.6,0.0
2026-01-21,20.7,0.0
2026-01-22,20.4,0.0
2026-01-23,20.3,0.0
2026-01-24,20.4,0.0
2026-01-25,21.0,0.1
2026-01-26,20.5,1.3
2026-01-27,22.1,0.0
2026-01-28,22.6,0.0
2026-01-29,21.9,0.0
2026-01-30,21.9,0.0
2026-01-31,21.6,0.0
2026-02-01,21.7,0.0
2026-02-02,22.1,0.0
2026-02-03,22.1,0.0
2026-02-04,21.6,0.0
2026-02-05,21.9,0.0
2026-02-06,22.0,0.0
2026-02-07,22.4,0.0
2026-02-08,22.9,0.0
2026-02-09,22.9,0.0
2026-02-10,22.3,0.0
2026-02-11,20.8,0.0
2026-02-12,20.7,0.0
2026-02-13,23.3,0.0
2026-02-14,23.0,0.0
2026-02-15,23.8,0.0
2026-02-16,23.2,0.0
2026-02-17,22.9,0.0
2026-02-18,22.6,0.0
2026-02-19,23.5,0.0
2026-02-20,23.9,0.0
2026-02-21,24.4,0.1
2026-02-22,25.1,0.0
2026-02-23,25.1,0.0
2026-02-24,25.2,0.0
2026-02-25,24.8,0.1
2026-02-26,25.5,0.1
2026-02-27,26.1,0.0
2026-02-28,25.5,0.0
2026-03-01,25.6,0.0
2026-03-02,26.2,0.0
2026-03-03,26.1,0.0
2026-03-04,26.0,0.0
2026-03-05,26.2,0.0
2026-03-06,27.0,0.0
2026-03-07,26.7,0.0
2026-03-08,26.8,0.0
2026-03-09,25.3,0.0
2026-03-10,24.1,0.0
2026-03-11,24.8,0.0
2026-03-12,26.3,0.0
2026-03-13,27.0,0.0
2026-03-14,26.4,0.0
2026-03-15,26.4,0.0
2026-03-16,26.7,0.1
2026-03-17,26.0,1.5
2026-03-18,24.4,1.4
2026-03-19,24.2,0.0
2026-03-20,24.6,0.0
2026-03-21,25.7,0.6
2026-03-22,26.1,1.3
