Date,Stock,Region,Price,Return,Temperature,Precipitation
2021-03-24,UPL,North,578.3767700195312,-3.8683354427374916,23.5,0.0
2021-03-25,UPL,North,565.8374633789062,-2.1680169900671453,23.1,0.0
2021-03-26,UPL,North,556.1005859375,-1.7207905222928033,23.1,0.0
2021-03-30,UPL,North,596.5208740234375,7.268521038832421,28.7,0.0
2021-03-31,UPL,North,609.72509765625,2.2135392419299738,27.2,0.0
2021-04-01,UPL,North,620.8870239257812,1.830648978111138,25.7,0.0
2021-04-05,UPL,North,613.9049682617188,-1.1245291647288602,28.4,0.0
2021-04-06,UPL,North,628.249267578125,2.3365667420842673,29.6,0.0
2021-04-07,UPL,North,621.6945190429688,-1.0433356429406682,28.1,0.0
2021-04-08,UPL,North,618.9871215820312,-0.4354867829790776,26.6,0.0
2021-04-09,UPL,North,603.123046875,-2.5629086864497608,26.5,0.0
2021-04-12,UPL,North,560.0427856445312,-7.142864371322444,29.2,0.0
2021-04-13,UPL,North,574.339599609375,2.55280745173605,29.8,0.0
2021-04-15,UPL,North,576.951904296875,0.4548362483235868,30.2,0.0
2021-04-16,UPL,North,581.1317138671875,0.7244641258973505,28.7,2.9
2021-04-19,UPL,North,567.5475463867188,-2.337536767709991,29.2,0.0
2021-04-20,UPL,North,562.1326904296875,-0.9540797051286409,27.3,0.0
2021-04-22,UPL,North,561.9901733398438,-0.02535292685696966,26.3,0.0
2021-04-23,UPL,North,556.1005859375,-1.0479876129047994,27.6,0.0
2021-04-26,UPL,North,561.0877685546875,0.8968130484487524,29.7,0.0
2021-04-27,UPL,North,567.5475463867188,1.151295428996968,32.2,0.0
2021-04-28,UPL,North,577.616943359375,1.774194433006171,33.1,0.0
2021-04-29,UPL,North,584.97900390625,1.2745575820642951,32.7,0.0
2021-04-30,UPL,North,576.5245361328125,-1.4452600378786262,31.7,0.0
2021-05-03,UPL,North,586.8788452148438,1.7959875830238614,31.4,0.0
2021-05-04,UPL,North,580.65673828125,-1.0602029676697544,32.5,0.0
2021-05-05,UPL,North,608.6328125,4.818005608883391,31.4,0.0
2021-05-06,UPL,North,601.318115234375,-1.2018243373339343,29.2,1.8
2021-05-07,UPL,North,597.8983764648438,-0.5687070924511151,28.4,1.2
2021-05-10,UPL,North,640.8359985351562,7.181424763884969,30.5,0.7
2021-05-11,UPL,North,650.0980224609375,1.445303314257118,31.3,0.0
2021-05-12,UPL,North,657.03271484375,1.0667148865583842,29.8,0.0
2021-05-14,UPL,North,706.0975341796875,7.4676371857078205,29.5,0.0
2021-05-17,UPL,North,732.1737060546875,3.6929985749481586,31.8,0.0
2021-05-18,UPL,North,730.8912353515625,-0.17515934982637038,27.1,1.3
2021-05-19,UPL,North,743.0032348632812,1.657154844098363,21.9,85.3
2021-05-20,UPL,North,729.0863647460938,-1.8730564638454572,24.5,16.2
2021-05-21,UPL,North,740.8182983398438,1.609128103477242,26.3,2.5
2021-05-24,UPL,North,749.8427124023438,1.2181683528502907,29.0,0.0
2021-05-25,UPL,North,756.7774658203125,0.9248277409739991,30.4,0.0
2021-05-26,UPL,North,771.9291381835938,2.0021304871779666,30.3,0.0
2021-05-27,UPL,North,778.7212524414062,0.879888311224386,30.2,0.0
2021-05-28,UPL,North,771.0741577148438,-0.9820066811567996,30.5,0.0
2021-05-31,UPL,North,774.303955078125,0.418869875350647,31.8,0.0
2021-06-01,UPL,North,774.9689331054688,0.08588074786168853,28.8,0.6
2021-06-02,UPL,North,795.6777954101562,2.672218384510283,29.4,6.9
2021-06-03,UPL,North,798.1951904296875,0.31638372140743165,30.4,0.0
2021-06-04,UPL,North,794.3953857421875,-0.47604955943851834,30.3,0.1
2021-06-07,UPL,North,807.9321899414062,1.7040386238612815,32.6,0.0
2021-06-08,UPL,North,810.8294677734375,0.3586040843652105,34.6,0.0
2021-06-09,UPL,North,803.22998046875,-0.9372485345847004,35.8,0.0
2021-06-10,UPL,North,796.7228393554688,-0.8101217922025006,33.0,0.0
2021-06-11,UPL,North,793.3505249023438,-0.4232732245824766,32.3,0.0
2021-06-14,UPL,North,792.8279418945312,-0.06587038029335357,31.7,0.0
2021-06-15,UPL,North,799.6676025390625,0.8626916740834378,30.8,6.5
2021-06-16,UPL,North,796.2478637695312,-0.4276450313446589,29.5,0.9
2021-06-17,UPL,North,793.2554321289062,-0.3758165989241724,30.3,0.3
2021-06-18,UPL,North,767.559326171875,-3.2393230372301463,29.7,0.3
2021-06-21,UPL,North,733.5510864257812,-4.430698525377375,31.0,0.0
2021-06-22,UPL,North,762.3346557617188,3.9238670446505752,33.5,0.0
2021-06-23,UPL,North,763.759521484375,0.18690816584121528,34.5,0.0
2021-06-24,UPL,North,772.736572265625,1.1753766111881614,32.7,0.0
2021-06-25,UPL,North,764.85205078125,-1.0203375597013564,32.9,0.5
2021-06-28,UPL,North,768.604248046875,0.49057817937370185,34.5,0.0
2021-06-29,UPL,North,765.0894775390625,-0.4572926205838712,36.0,0.0
2021-06-30,UPL,North,753.1675415039062,-1.558240752899065,36.5,0.0
2021-07-01,UPL,North,751.8851928710938,-0.17026074042595374,36.9,0.0
2021-07-02,UPL,North,759.3422241210938,0.9917779098062907,35.6,0.0
2021-07-05,UPL,North,767.1793212890625,1.0320902643126129,34.7,0.1
2021-07-06,UPL,North,763.0945434570312,-0.532441075857959,35.3,0.0
2021-07-07,UPL,North,776.013916015625,1.6930238421133836,36.1,0.0
2021-07-08,UPL,North,773.35400390625,-0.342766032216546,36.0,0.0
2021-07-09,UPL,North,773.7814331054688,0.05526953983037153,33.4,0.5
2021-07-12,UPL,North,780.336181640625,0.8471059468110553,30.8,2.7
2021-07-13,UPL,North,790.3106689453125,1.2782295040730363,29.9,6.3
2021-07-14,UPL,North,787.8046875,-0.3170881456853958,29.0,13.2
2021-07-15,UPL,North,803.66162109375,2.012800107101409,30.3,5.4
2021-07-16,UPL,North,804.9109497070312,0.15545455705361366,31.0,2.7
2021-07-19,UPL,North,800.7785034179688,-0.5134041586297933,26.4,107.5
2021-07-20,UPL,North,782.51904296875,-2.2802136135375517,27.9,29.1
2021-07-22,UPL,North,795.733154296875,1.6886632276695623,28.3,2.7
2021-07-23,UPL,North,787.7566528320312,-1.0024090892495119,29.1,12.0
2021-07-26,UPL,North,787.996826171875,0.030488265504358125,29.2,4.9
2021-07-27,UPL,North,781.0774536132812,-0.8780965009984043,28.4,14.4
2021-07-28,UPL,North,782.9034423828125,0.23377819460594917,27.2,19.5
2021-07-29,UPL,North,787.7566528320312,0.6198989794255816,27.3,5.6
2021-07-30,UPL,North,777.0410766601562,-1.3602647636617116,27.5,9.3
2021-08-02,UPL,North,760.2230224609375,-2.1643713188890024,28.1,16.4
2021-08-03,UPL,North,759.7424926757812,-0.06320905457463111,28.8,6.3
2021-08-04,UPL,North,754.4088745117188,-0.7020297292149258,29.1,0.0
2021-08-05,UPL,North,746.9608154296875,-0.9872708730861546,29.3,2.0
2021-08-06,UPL,North,747.0089111328125,0.006438852230461478,29.8,7.7
2021-08-09,UPL,North,747.7777099609375,0.10291695542949952,28.8,0.5
2021-08-10,UPL,North,741.050537109375,-0.8996220082454598,30.1,0.5
2021-08-11,UPL,North,743.645263671875,0.35014164791260516,30.7,0.0
2021-08-12,UPL,North,746.816650390625,0.4264649926082775,30.4,0.0
2021-08-13,UPL,North,748.7387084960938,0.2573667987267658,30.7,0.0
2021-08-16,UPL,North,742.6842651367188,-0.8086189869274785,30.5,0.0
2021-08-17,UPL,North,731.1038818359375,-1.559260623173353,30.8,0.0
2021-08-18,UPL,North,732.4973754882812,0.19060132040940037,31.1,0.0
2021-08-20,UPL,North,699.870361328125,-4.454215844583354,28.3,1.9
2021-08-23,UPL,North,690.9327392578125,-1.2770396582235333,28.7,4.4
2021-08-24,UPL,North,702.561279296875,1.6830205573343804,29.1,2.8
2021-08-25,UPL,North,697.8041381835938,-0.677114047338645,30.5,0.2
2021-08-26,UPL,North,691.6055297851562,-0.8883020405371478,29.9,0.0
2021-08-27,UPL,North,700.8314208984375,1.3339816869519794,29.8,0.0
2021-08-30,UPL,North,711.5949096679688,1.5358170950344752,27.8,1.1
2021-08-31,UPL,North,712.3638305664062,0.10805598634711089,27.4,2.1
2021-09-01,UPL,North,719.4754028320312,0.9983061969851104,26.6,11.3
2021-09-02,UPL,North,723.9921875,0.6277886151756729,27.9,0.6
2021-09-03,UPL,North,723.4636840820312,-0.07299849737242292,27.5,8.0
2021-09-06,UPL,North,726.2987060546875,0.39186790367418123,29.2,2.1
2021-09-07,UPL,North,722.7428588867188,-0.4895846761567846,28.3,6.4
2021-09-08,UPL,North,732.30517578125,1.3230593394254475,28.3,2.0
2021-09-09,UPL,North,728.3649291992188,-0.538060731009804,27.9,2.6
2021-09-13,UPL,North,726.5390014648438,-0.25068858496282154,27.9,10.1
2021-09-14,UPL,North,723.1753540039062,-0.4629686023951529,28.3,0.4
2021-09-15,UPL,North,732.4012451171875,1.2757474466188023,28.4,0.0
2021-09-16,UPL,North,724.6168823242188,-1.062854937080726,28.3,2.8
2021-09-17,UPL,North,713.4208984375,-1.5450901241504944,27.0,1.7
2021-09-20,UPL,North,678.10302734375,-4.950495727150905,28.5,0.7
2021-09-21,UPL,North,693.7197265625,2.3029980090080615,28.1,2.5
2021-09-22,UPL,North,696.6510009765625,0.4225444804038414,26.6,12.8
2021-09-23,UPL,North,698.52490234375,0.26898710610629983,26.8,7.0
2021-09-24,UPL,North,690.6444702148438,-1.1281533560886903,27.4,2.2
2021-09-27,UPL,North,697.5639038085938,1.0018806914645184,28.2,0.1
2021-09-28,UPL,North,688.8665161132812,-1.2468230720979245,28.3,2.8
2021-09-29,UPL,North,689.202880859375,0.048828726353478125,28.5,0.3
2021-09-30,UPL,North,680.1212158203125,-1.317705611987352,28.4,0.3
2021-10-01,UPL,North,684.8783569335938,0.6994548916612553,28.8,0.1
2021-10-04,UPL,North,675.556396484375,-1.3611118463366156,29.3,0.0
2021-10-05,UPL,North,686.8003540039062,1.6643995346717677,28.3,2.7
2021-10-06,UPL,North,698.9573364257812,1.7700897139907301,28.2,0.0
2021-10-07,UPL,North,699.1495971679688,0.02750679221290575,27.4,0.0
2021-10-08,UPL,North,709.240478515625,1.4433078969838808,27.6,0.0
2021-10-11,UPL,North,713.5170288085938,0.602976059956295,27.7,0.0
2021-10-12,UPL,North,715.294921875,0.2491731794229013,27.4,0.0
2021-10-13,UPL,North,718.3221435546875,0.4232130813612178,26.3,0.0
2021-10-14,UPL,North,718.70654296875,0.05351351305422636,24.9,0.0
2021-10-18,UPL,North,721.8298950195312,0.43457960433748166,22.3,21.1
2021-10-19,UPL,North,705.1080322265625,-2.3165932733384853,23.8,0.0
2021-10-20,UPL,North,688.001708984375,-2.426057066485232,24.2,0.0
2021-10-21,UPL,North,689.4912109375,0.21649683913196327,23.0,0.0
2021-10-22,UPL,North,676.9017333984375,-1.825908342173732,23.8,0.0
2021-10-25,UPL,North,668.2044677734375,-1.2848638429886594,21.8,0.0
2021-10-26,UPL,North,685.4549560546875,2.5816182191554793,20.8,0.0
2021-10-27,UPL,North,712.60400390625,3.96073405141395,20.8,0.0
2021-10-28,UPL,North,701.4561157226562,-1.5643875311512234,20.4,0.0
2021-10-29,UPL,North,711.3546752929688,1.4111445247169563,20.7,0.0
2021-11-01,UPL,North,691.9899291992188,-2.7222350209162083,22.4,0.0
2021-11-02,UPL,North,692.2301635742188,0.03471645537933554,22.1,0.0
2021-11-03,UPL,North,708.3274536132812,2.3254245316249644,21.9,0.0
2021-11-04,UPL,North,708.9521484375,0.08819294254827081,21.2,0.0
2021-11-08,UPL,North,713.7092895507812,0.6710101836584936,20.5,0.0
2021-11-09,UPL,North,717.2649536132812,0.49819500944676687,20.8,0.0
2021-11-10,UPL,North,741.2427368164062,3.3429464359487904,20.4,0.0
2021-11-11,UPL,North,734.89990234375,-0.8557027485892599,19.9,0.0
2021-11-12,UPL,North,739.5609130859375,0.6342374964702691,19.4,0.0
2021-11-15,UPL,North,753.4959106445312,1.8842258037201631,17.7,0.0
2021-11-16,UPL,North,749.6517944335938,-0.5101708126921789,17.2,0.0
2021-11-17,UPL,North,726.154541015625,-3.1344223534770954,17.1,0.0
2021-11-18,UPL,North,712.5560302734375,-1.8726744754867353,17.6,0.0
2021-11-22,UPL,North,688.5782470703125,-3.36503828252267,18.4,0.0
2021-11-23,UPL,North,696.9872436523438,1.2212114770992155,17.9,0.0
2021-11-24,UPL,North,693.57568359375,-0.48947238126145765,17.7,0.0
2021-11-25,UPL,North,698.9573364257812,0.7759287067485188,18.0,0.0
2021-11-26,UPL,North,676.3731689453125,-3.2311224596276666,17.9,0.0
2021-11-29,UPL,North,662.4862670898438,-2.053142036536282,17.4,0.0
2021-11-30,UPL,North,655.1343994140625,-1.1097388792791762,17.8,0.0
2021-12-01,UPL,North,663.5914916992188,1.290894248984653,16.9,0.0
2021-12-02,UPL,North,670.9913940429688,1.1151291775609584,16.3,2.4
2021-12-03,UPL,North,684.974365234375,2.0839270541390675,17.1,0.0
2021-12-06,UPL,North,688.6262817382812,0.5331464488684379,18.1,1.2
2021-12-07,UPL,North,698.6210327148438,1.4514042292044005,16.5,0.0
2021-12-08,UPL,North,699.7261962890625,0.1581921417286969,15.1,0.0
2021-12-09,UPL,North,713.2767944335938,1.936557215721768,14.6,0.0
2021-12-10,UPL,North,708.7118530273438,-0.6399957831061842,14.8,0.0
2021-12-13,UPL,North,711.5469360351562,0.4000332428055309,14.0,0.0
2021-12-14,UPL,North,717.937744140625,0.8981569284915114,14.3,0.0
2021-12-15,UPL,North,711.1144409179688,-0.9504031900180676,13.7,0.0
2021-12-16,UPL,North,705.3002319335938,-0.8176193098918816,13.0,0.3
2021-12-17,UPL,North,687.7133178710938,-2.4935358399479246,12.0,0.0
2021-12-20,UPL,North,680.69775390625,-1.0201291413930114,10.9,0.0
2021-12-21,UPL,North,705.0599365234375,3.5790014697981265,11.5,0.0
2021-12-22,UPL,North,724.9052734375,2.8147021105634495,12.3,0.0
2021-12-23,UPL,North,725.3377075195312,0.05965387449600179,13.6,0.0
2021-12-24,UPL,North,717.7455444335938,-1.04670734848471,14.0,0.0
2021-12-27,UPL,North,727.1156005859375,1.3054844053038472,14.4,0.7
2021-12-28,UPL,North,732.06494140625,0.6806814234661118,13.5,0.1
2021-12-29,UPL,North,728.7973022460938,-0.44635919237975274,12.0,0.0
2021-12-30,UPL,North,717.5534057617188,-1.5428016061149297,10.2,0.0
2021-12-31,UPL,North,717.9857788085938,0.06025656674515378,10.1,0.0
2022-01-03,UPL,North,734.41943359375,2.288855193263828,11.8,0.0
2022-01-04,UPL,North,732.06494140625,-0.3205923045879522,14.1,0.1
2022-01-05,UPL,North,734.707763671875,0.3610092651818997,13.3,10.5
2022-01-06,UPL,North,752.24658203125,2.387182935391974,14.8,0.7
2022-01-07,UPL,North,758.2049560546875,0.7920772477753912,15.6,4.2
2022-01-10,UPL,North,789.58251953125,4.138401262876901,11.2,0.0
2022-01-11,UPL,North,787.6124877929688,-0.2495029575187102,11.1,0.0
2022-01-12,UPL,North,790.3514404296875,0.34775383569574103,11.3,0.0
2022-01-13,UPL,North,808.2265625,2.261667551411617,11.3,0.1
2022-01-14,UPL,North,792.513671875,-1.944119551873802,10.1,0.0
2022-01-17,UPL,North,792.6098022460938,0.012129806021676792,9.0,0.0
2022-01-18,UPL,North,767.9593505859375,-3.110036185560905,9.2,0.0
2022-01-19,UPL,North,781.5579833984375,1.7707490379698543,10.6,0.2
2022-01-20,UPL,North,776.9450073242188,-0.5902282584537399,12.9,1.6
2022-01-21,UPL,North,756.2348022460938,-2.6655947181449147,12.2,0.0
2022-01-24,UPL,North,732.8818359375,-3.0880576031720675,10.2,0.4
2022-01-25,UPL,North,760.3192138671875,3.743765581881253,10.0,0.0
2022-01-27,UPL,North,741.867431640625,-2.4268467625212065,11.2,0.0
2022-01-28,UPL,North,759.4542236328125,2.370611141844403,11.2,0.0
2022-01-31,UPL,North,746.2401123046875,-1.7399483625116896,13.2,0.0
2022-02-01,UPL,North,754.4088745117188,1.0946560057998989,13.4,0.0
2022-02-02,UPL,North,755.3218383789062,0.12101711658394354,13.9,0.0
2022-02-03,UPL,North,743.3569946289062,-1.5840722645699357,12.4,18.8
2022-02-04,UPL,North,737.3025512695312,-0.8144731808701788,11.2,0.3
2022-02-07,UPL,North,727.1156005859375,-1.381651354122304,15.3,0.0
2022-02-08,UPL,North,729.0856323242188,0.27093789992866935,15.6,0.1
2022-02-09,UPL,North,740.4739379882812,1.56199836605726,14.2,4.0
2022-02-10,UPL,North,740.0894165039062,-0.051929104408410254,13.5,0.0
2022-02-11,UPL,North,723.8480834960938,-2.194509561362812,13.9,0.0
2022-02-14,UPL,North,693.57568359375,-4.182148242505789,15.1,0.0
2022-02-15,UPL,North,715.6793212890625,3.1869107032101995,16.3,0.0
2022-02-16,UPL,North,707.1261596679688,-1.1951109060532872,15.6,0.0
2022-02-17,UPL,North,698.7171630859375,-1.1891791114020833,16.8,0.0
2022-02-18,UPL,North,696.698974609375,-0.28884197829762703,16.7,0.0
2022-02-21,UPL,North,676.7095947265625,-2.8691559211810436,17.4,0.0
2022-02-22,UPL,North,666.3303833007812,-1.5337763062122978,18.6,0.0
2022-02-23,UPL,North,661.18896484375,-0.7716019839231092,18.7,0.0
2022-02-24,UPL,North,607.6594848632812,-8.095942737507523,17.8,0.0
2022-02-25,UPL,North,629.1865844726562,3.542625458108084,18.3,2.0
2022-02-28,UPL,North,639.5177001953125,1.6419796571656375,16.0,0.0
2022-03-02,UPL,North,662.678466796875,3.621598994756381,18.3,0.0
2022-03-03,UPL,North,685.9354858398438,3.509548024909259,19.0,0.0
2022-03-04,UPL,North,685.9354858398438,0.0,18.7,0.0
2022-03-07,UPL,North,703.3781127929688,2.5428961342871315,20.6,0.0
2022-03-08,UPL,North,695.978271484375,-1.0520431577278555,20.8,0.0
2022-03-09,UPL,North,696.9392700195312,0.13807881287826174,21.4,0.0
2022-03-10,UPL,North,695.978271484375,-0.13788841818732633,21.9,0.0
2022-03-11,UPL,North,697.179443359375,0.17258755398184,21.6,0.0
2022-03-14,UPL,North,702.2728881835938,0.7305787445016865,23.5,0.0
2022-03-15,UPL,North,712.1235961914062,1.40268949201372,25.6,0.0
2022-03-16,UPL,North,723.1273803710938,1.5452070733982248,26.6,0.0
2022-03-17,UPL,North,731.9207763671875,1.2160231011555833,26.3,0.0
2022-03-21,UPL,North,745.6635131835938,1.87762627597714,27.3,0.0
2022-03-22,UPL,North,750.5167236328125,0.6508579759385125,27.4,0.0
2022-03-23,UPL,North,763.0101318359375,1.664640881371926,27.1,0.0
2022-03-24,UPL,North,767.9593505859375,0.6486439096282215,26.7,0.0
2022-03-25,UPL,North,767.4307861328125,-0.06882713944712515,26.4,0.0
2022-03-28,UPL,North,750.3244018554688,-2.229045874422775,27.7,0.0
2022-03-29,UPL,North,751.5258178710938,0.16011954464683065,28.1,0.0
2022-03-30,UPL,North,745.90380859375,-0.7480793265718599,28.3,0.0
2022-03-31,UPL,North,739.6089477539062,-0.8439239439883561,29.0,0.0
2022-04-01,UPL,North,751.0933837890625,1.552771376013351,28.4,0.0
2022-04-04,UPL,North,753.7841796875,0.358250512720959,28.3,0.0
2022-04-05,UPL,North,762.6256103515625,1.172939271255058,29.1,0.0
2022-04-06,UPL,North,773.917724609375,1.4806890962666408,30.0,0.0
2022-04-07,UPL,North,772.0437622070312,-0.2421397446724205,30.3,0.0
2022-04-08,UPL,North,778.1943359375,0.7966612815944796,31.6,0.0
2022-04-11,UPL,North,787.9007568359375,1.2473003786058312,32.2,0.0
2022-04-12,UPL,North,774.254150390625,-1.732020984484739,32.1,0.0
2022-04-13,UPL,North,786.74755859375,1.6136055837507435,31.8,0.0
2022-04-18,UPL,North,773.7736206054688,-1.6490598345765606,32.3,0.0
2022-04-19,UPL,North,773.5333862304688,-0.03104711360049084,33.3,0.0
2022-04-20,UPL,North,793.09033203125,2.528261371637086,33.6,0.0
2022-04-21,UPL,North,796.83837890625,0.47258763896422806,31.2,0.0
2022-04-22,UPL,North,784.7293701171875,-1.5196317232715972,30.6,0.0
2022-04-25,UPL,North,771.7554321289062,-1.6533009318032477,33.1,0.0
2022-04-26,UPL,North,780.6929931640625,1.1580820377903533,33.1,0.0
2022-04-27,UPL,North,767.2866821289062,-1.717232145356129,33.1,0.0
2022-04-28,UPL,North,792.1773071289062,3.243979803082042,34.4,0.0
2022-04-29,UPL,North,790.8319702148438,-0.1698277521907876,35.4,0.0
2022-05-02,UPL,North,797.8953857421875,0.8931626177713703,32.8,0.0
2022-05-04,UPL,North,792.0812377929688,-0.7286854960077971,31.1,0.0
2022-05-05,UPL,North,791.1682739257812,-0.11526139285048531,30.6,0.0
2022-05-06,UPL,North,756.186767578125,-4.421500141060742,32.4,0.0
2022-05-09,UPL,North,747.2971801757812,-1.1755809257036898,33.5,0.0
2022-05-10,UPL,North,759.0217895507812,1.5689353159665576,33.4,0.0
2022-05-11,UPL,North,761.2802734375,0.2975519171927177,34.0,0.0
2022-05-12,UPL,North,735.1401977539062,-3.4336993346169797,35.2,0.0
2022-05-13,UPL,North,751.0933837890625,2.1700875675005227,34.8,0.0
2022-05-16,UPL,North,770.9866333007812,2.6485720605555985,36.2,0.0
2022-05-17,UPL,North,785.4981689453125,1.88220327276023,33.0,0.0
2022-05-18,UPL,North,789.10205078125,0.4588020670724724,34.8,0.0
2022-05-19,UPL,North,782.2787475585938,-0.8646921162986265,35.6,0.0
2022-05-20,UPL,North,776.7528076171875,-0.7063901401708872,36.6,0.0
2022-05-23,UPL,North,760.4153442382812,-2.1033027777555113,26.8,9.6
2022-05-24,UPL,North,761.6646118164062,0.16428752886048503,26.8,0.2
2022-05-25,UPL,North,734.2272338867188,-3.6022912846449873,28.1,0.0
2022-05-26,UPL,North,718.3221435546875,-2.166235410233397,29.7,0.0
2022-05-27,UPL,North,727.1156005859375,1.2241662198710257,31.3,0.3
2022-05-30,UPL,North,752.0543212890625,3.4298151054699355,33.1,0.3
2022-05-31,UPL,North,749.2192993164062,-0.3769703720067574,32.3,0.0
2022-06-01,UPL,North,749.3634643554688,0.019242034901401084,33.0,0.0
2022-06-02,UPL,North,745.1348876953125,-0.5642891415573947,33.8,0.0
2022-06-03,UPL,North,739.6570434570312,-0.7351480018905177,34.2,0.0
2022-06-06,UPL,North,748.6427001953125,1.2148409614655797,35.3,0.0
2022-06-07,UPL,North,717.120849609375,-4.210533352921731,35.8,0.0
2022-06-08,UPL,North,706.50146484375,-1.4808361479671794,36.9,0.0
2022-06-09,UPL,North,718.1780395507812,1.6527318467221663,36.7,0.0
2022-06-10,UPL,North,705.7807006835938,-1.7262208233131182,36.7,0.0
2022-06-13,UPL,North,698.0924682617188,-1.089323130319153,37.4,0.0
2022-06-14,UPL,North,687.8095092773438,-1.4730081546331597,34.7,0.0
2022-06-15,UPL,North,684.3977661132812,-0.4960302406471606,35.9,0.0
2022-06-16,UPL,North,657.0084838867188,-4.001953773476963,34.5,0.2
2022-06-17,UPL,North,639.2293701171875,-2.706070652901449,30.3,5.5
2022-06-20,UPL,North,615.491943359375,-3.7134443233515446,27.9,0.8
2022-06-21,UPL,North,628.7060546875,2.1469186511202665,28.0,4.0
2022-06-22,UPL,North,589.7362670898438,-6.198411373185564,29.9,3.7
2022-06-23,UPL,North,608.5244750976562,3.1858661330981253,31.4,0.0
2022-06-24,UPL,North,615.8763427734375,1.2081465868076124,31.3,0.0
2022-06-27,UPL,North,631.4930419921875,2.5356874642114446,35.0,0.0
2022-06-28,UPL,North,630.4359130859375,-0.16740151291533278,34.6,3.1
2022-06-29,UPL,North,619.2879638671875,-1.7682922224689923,34.6,0.1
2022-06-30,UPL,North,607.755615234375,-1.8621948601742488,28.8,2.0
2022-07-01,UPL,North,618.423095703125,1.7552253243495297,28.1,3.3
2022-07-04,UPL,North,628.994384765625,1.7093942862015599,30.9,11.8
2022-07-05,UPL,North,630.8203735351562,0.2903028729281276,32.2,0.0
2022-07-06,UPL,North,636.6826171875,0.92930474320152,31.0,1.1
2022-07-07,UPL,North,656.1434326171875,3.056596003147427,31.8,0.1
2022-07-08,UPL,North,663.3512573242188,1.0985135793070588,32.9,0.0
2022-07-11,UPL,North,663.8797607421875,0.07967172928873278,31.2,0.1
2022-07-12,UPL,North,653.6929321289062,-1.5344387968527329,31.2,0.8
2022-07-13,UPL,North,653.0201416015625,-0.10292149330002331,30.7,6.1
2022-07-14,UPL,North,644.0344848632812,-1.3760152506542167,29.8,14.4
2022-07-15,UPL,North,643.2656860351562,-0.11937230788009456,31.6,1.6
2022-07-18,UPL,North,658.3538208007812,2.345552559879649,31.0,4.0
2022-07-19,UPL,North,657.68115234375,-0.10217430745872447,30.9,2.6
2022-07-20,UPL,North,659.507080078125,0.27763114814345347,29.0,23.6
2022-07-21,UPL,North,677.5264282226562,2.7322448369161867,27.8,12.2
2022-07-22,UPL,North,696.7470092773438,2.8368754714275246,28.2,0.7
2022-07-25,UPL,North,705.3482055664062,1.234479111432929,29.0,7.1
2022-07-26,UPL,North,698.04443359375,-1.035484589741209,28.5,0.9
2022-07-27,UPL,North,702.7603759765625,0.6755934373021688,28.8,4.0
2022-07-28,UPL,North,708.7012329101562,0.8453602588703646,27.8,19.3
2022-07-29,UPL,North,721.7513427734375,1.8414120446345716,27.4,14.3
2022-08-01,UPL,North,747.3159790039062,3.542028218781379,28.0,7.9
2022-08-02,UPL,North,720.2904663085938,-3.6163434818207274,29.6,0.5
2022-08-03,UPL,North,712.255859375,-1.115467621662436,29.4,0.4
2022-08-04,UPL,North,712.6454467773438,0.05469767601289366,28.5,1.4
2022-08-05,UPL,North,724.0399780273438,1.5989060621276918,27.9,6.4
2022-08-08,UPL,North,729.5912475585938,0.7667075989884475,29.3,0.0
2022-08-10,UPL,North,745.3194580078125,2.1557564597779244,31.2,0.2
2022-08-11,UPL,North,747.4620971679688,0.28747929993446775,27.9,5.3
2022-08-12,UPL,North,768.3033447265625,2.7882681459780123,29.9,0.0
2022-08-16,UPL,North,767.9624633789062,-0.04436806763838952,27.9,13.8
2022-08-17,UPL,North,769.8616333007812,0.2472998372236912,28.8,0.3
2022-08-18,UPL,North,753.74365234375,-2.09362049748153,29.8,0.1
2022-08-19,UPL,North,748.1925048828125,-0.7364768437752467,30.5,0.3
2022-08-22,UPL,North,725.25732421875,-3.0654117108076084,29.5,14.2
2022-08-23,UPL,North,739.7196044921875,1.9940895169885176,30.1,2.6
2022-08-24,UPL,North,739.9144287109375,0.026337576774615457,29.0,1.8
2022-08-25,UPL,North,742.7387084960938,0.3817035694352766,29.9,1.2
2022-08-26,UPL,North,740.1578369140625,-0.34748041976391253,30.7,0.8
2022-08-29,UPL,North,730.8572387695312,-1.25656956944592,30.6,0.9
2022-08-30,UPL,North,749.1663818359375,2.5051599813434855,31.4,0.0
2022-09-01,UPL,North,736.7006225585938,-1.6639507030193568,32.5,0.0
2022-09-02,UPL,North,726.3286743164062,-1.4078918796301854,32.4,0.0
2022-09-05,UPL,North,727.3511962890625,0.14077951329933835,31.8,0.0
2022-09-06,UPL,North,718.8296508789062,-1.1715860857358984,32.1,0.0
2022-09-07,UPL,North,721.7513427734375,0.40645122122591193,32.0,0.0
2022-09-08,UPL,North,718.245361328125,-0.48576029409800325,31.9,0.0
2022-09-09,UPL,North,722.6278686523438,0.6101685524449341,32.1,0.8
2022-09-12,UPL,North,736.6031494140625,1.9339526425657727,30.8,0.1
2022-09-13,UPL,North,735.9701538085938,-0.08593441474860075,29.9,1.3
2022-09-14,UPL,North,728.7633666992188,-0.979222740498431,28.1,8.3
2022-09-15,UPL,North,723.2120971679688,-0.7617382795177097,26.7,14.6
2022-09-16,UPL,North,685.03564453125,-5.2787353511112745,26.7,3.8
2022-09-19,UPL,North,693.654541015625,1.2581675936399916,28.8,0.0
2022-09-20,UPL,North,701.1049194335938,1.074076211922459,27.6,10.5
2022-09-21,UPL,North,698.7675170898438,-0.333388381533295,27.6,1.8
2022-09-22,UPL,North,702.5169067382812,0.5365718292190458,25.5,32.4
2022-09-23,UPL,North,684.4999389648438,-2.564631199708567,24.8,63.7
2022-09-26,UPL,North,662.1491088867188,-3.265278607902544,26.7,0.0
2022-09-27,UPL,North,660.006591796875,-0.32357018397956017,26.6,0.0
2022-09-28,UPL,North,646.3720703125,-2.0658159560580813,27.0,0.0
2022-09-29,UPL,North,639.6522216796875,-1.0396254636379387,27.0,0.0
2022-09-30,UPL,North,654.504150390625,2.32187557669028,27.2,0.0
2022-10-03,UPL,North,647.7355346679688,-1.034159327884565,27.6,0.0
2022-10-04,UPL,North,671.936767578125,3.7362830375767375,27.6,0.0
2022-10-06,UPL,North,668.0899047851562,-0.5725036906127468,26.4,0.0
2022-10-07,UPL,North,672.4237060546875,0.6486853398757653,24.7,1.5
2022-10-10,UPL,North,665.168212890625,-1.0790061532233386,23.5,1.3
2022-10-11,UPL,North,646.810302734375,-2.759889874543453,23.2,3.8
2022-10-12,UPL,North,656.0136108398438,1.4228759292426174,23.8,0.0
2022-10-13,UPL,North,646.56689453125,-1.4400183399395972,23.8,0.0
2022-10-14,UPL,North,660.5908813476562,2.1689924020272366,23.7,0.0
2022-10-17,UPL,North,660.347412109375,-0.036856282028074894,24.1,0.0
2022-10-18,UPL,North,664.2429809570312,0.5899271771524717,23.5,0.0
2022-10-19,UPL,North,659.1300659179688,-0.7697356518086007,23.5,0.0
2022-10-20,UPL,North,694.8718872070312,5.422574866052421,23.2,0.0
2022-10-21,UPL,North,681.9191284179688,-1.8640499101388097,24.0,0.0
2022-10-24,UPL,North,689.6129150390625,1.1282549939525932,22.1,0.0
2022-10-25,UPL,North,676.3193359375,-1.92768708527008,22.0,0.0
2022-10-27,UPL,North,688.0060424804688,1.727986458759001,23.2,0.0
2022-10-28,UPL,North,695.2615356445312,1.0545682328463757,23.0,0.0
2022-10-31,UPL,North,711.135986328125,2.2832344189553933,22.9,0.0
2022-11-01,UPL,North,698.280517578125,-1.8077370569274498,23.2,0.0
2022-11-02,UPL,North,698.816162109375,0.07670907576051711,23.0,0.0
2022-11-03,UPL,North,707.2403564453125,1.2054950633238137,23.3,0.0
2022-11-04,UPL,North,719.5601196289062,1.7419485569961868,24.1,0.0
2022-11-07,UPL,North,728.9094848632812,1.2993167602446842,23.1,0.2
2022-11-09,UPL,North,733.9249877929688,0.6880830931467852,21.5,0.0
2022-11-10,UPL,North,736.3597412109375,0.33174417801067335,20.6,0.4
2022-11-11,UPL,North,747.8516845703125,1.5606425387238776,19.8,0.0
2022-11-14,UPL,North,753.841064453125,0.8008780358974121,20.6,0.0
2022-11-15,UPL,North,750.1403198242188,-0.49091841814042914,20.5,0.0
2022-11-16,UPL,North,747.4620971679688,-0.35702955640054546,19.4,0.0
2022-11-17,UPL,North,751.3089599609375,0.5146565702186079,17.9,0.0
2022-11-18,UPL,North,745.9525756835938,-0.7129402899204385,16.8,0.0
2022-11-21,UPL,North,739.7683715820312,-0.8290344859919863,17.8,0.0
2022-11-22,UPL,North,748.679443359375,1.2045759348006335,17.6,0.0
2022-11-23,UPL,North,748.4359130859375,-0.0325279765055031,17.3,0.0
2022-11-24,UPL,North,753.9384765625,0.7352083699290191,17.2,0.0
2022-11-25,UPL,North,756.8601684570312,0.3875239141332143,17.1,0.0
2022-11-28,UPL,North,759.2948608398438,0.32168324933468107,16.8,0.0
2022-11-29,UPL,North,754.6201171875,-0.6156690758018724,16.2,0.0
2022-11-30,UPL,North,769.0824584960938,1.9165061968524633,16.2,0.0
2022-12-01,UPL,North,758.5157470703125,-1.3739373859135928,16.0,0.0
2022-12-02,UPL,North,763.2391967773438,0.6227226956427856,16.2,0.0
2022-12-05,UPL,North,781.8404541015625,2.437146493885489,14.7,0.0
2022-12-06,UPL,North,767.3295288085938,-1.8559957107417424,15.7,0.0
2022-12-07,UPL,North,757.8340454101562,-1.2374713916172064,16.2,0.0
2022-12-08,UPL,North,757.5418090820312,-0.03856204797012541,15.5,0.0
2022-12-09,UPL,North,743.7612915039062,-1.8191098382838944,15.7,0.0
2022-12-12,UPL,North,752.8671875,1.2243035635373545,16.5,0.0
2022-12-13,UPL,North,747.36474609375,-0.7308648188695255,16.6,0.0
2022-12-14,UPL,North,760.51220703125,1.7591759587561207,15.3,0.0
2022-12-15,UPL,North,750.6272583007812,-1.2997751566744542,14.3,0.0
2022-12-16,UPL,North,750.3350219726562,-0.038932282953130226,13.5,0.0
2022-12-19,UPL,North,750.0429077148438,-0.03893117730857654,13.4,0.0
2022-12-20,UPL,North,735.1422729492188,-1.9866376459745205,13.0,0.0
2022-12-21,UPL,North,735.1911010742188,0.006641996630674107,12.8,0.0
2022-12-22,UPL,North,710.30810546875,-3.384561588015844,12.5,0.0
2022-12-23,UPL,North,692.6319580078125,-2.488518338006651,11.7,0.0
2022-12-26,UPL,North,699.4979248046875,0.9912864570418067,10.7,0.0
2022-12-27,UPL,North,697.6474609375,-0.2645417236518899,11.6,0.0
2022-12-28,UPL,North,704.6595458984375,1.0051043476191568,12.8,0.0
2022-12-29,UPL,North,703.6856079101562,-0.13821397779256728,13.5,0.0
2022-12-30,UPL,North,697.4527587890625,-0.885743441535547,14.5,0.0
2023-01-02,UPL,North,703.1499633789062,0.8168588507321051,11.4,0.0
2023-01-03,UPL,North,700.5691528320312,-0.3670355800735936,9.6,0.0
2023-01-04,UPL,North,696.9658203125,-0.514343588347399,9.2,0.0
2023-01-05,UPL,North,701.4943237304688,0.6497454087401655,8.3,0.0
2023-01-06,UPL,North,699.4005126953125,-0.2984786853329924,7.6,0.0
2023-01-09,UPL,North,715.031494140625,2.2349113507330154,10.1,0.0
2023-01-10,UPL,North,705.7308349609375,-1.3007341992488985,10.8,0.0
2023-01-11,UPL,North,699.0596313476562,-0.945290085511219,11.5,0.0
2023-01-12,UPL,North,699.0596313476562,0.0,14.5,0.1
2023-01-13,UPL,North,700.0335083007812,0.13931242907669894,13.7,5.9
2023-01-16,UPL,North,695.4075317382812,-0.6608221617460552,8.3,0.0
2023-01-17,UPL,North,700.423095703125,0.7212409610098058,8.3,0.0
2023-01-18,UPL,North,713.2297973632812,1.8284236683115296,8.5,0.0
2023-01-19,UPL,North,728.0328979492188,2.075502263178386,12.0,0.1
2023-01-20,UPL,North,718.5374755859375,-1.3042573199684715,13.7,0.0
2023-01-23,UPL,North,729.8833618164062,1.5790249800424982,15.3,0.0
2023-01-24,UPL,North,726.4747314453125,-0.46701028539832823,16.3,9.0
2023-01-25,UPL,North,718.68359375,-1.072458181692315,16.4,1.4
2023-01-27,UPL,North,725.25732421875,0.9146904877081141,11.7,0.0
2023-01-30,UPL,North,725.6956176757812,0.060432820516953534,13.3,7.4
2023-01-31,UPL,North,737.4310302734375,1.6171260114870023,13.8,0.0
2023-02-01,UPL,North,722.77392578125,-1.9875898749138199,13.6,0.0
2023-02-02,UPL,North,678.2183227539062,-6.164528276138814,14.4,0.0
2023-02-03,UPL,North,697.0145263671875,2.7714089965837685,14.6,0.0
2023-02-06,UPL,North,695.8944702148438,-0.16069337294610797,17.3,0.0
2023-02-07,UPL,North,690.7328491210938,-0.7417246888247964,16.7,0.0
2023-02-08,UPL,North,703.7830810546875,1.8893313022826597,15.3,0.0
2023-02-09,UPL,North,698.3779296875,-0.7680138259486657,17.0,0.0
2023-02-10,UPL,North,707.922119140625,1.3666224328417353,18.5,0.0
2023-02-13,UPL,North,714.6419067382812,0.9492269581594215,14.7,0.0
2023-02-14,UPL,North,741.7161254882812,3.7885014151451513,16.4,0.0
2023-02-15,UPL,North,749.2637329101562,1.0175870744223436,18.1,0.0
2023-02-16,UPL,North,750.2376708984375,0.12998600432700957,17.9,0.0
2023-02-17,UPL,North,750.0429077148438,-0.02596019783444037,18.6,0.0
2023-02-20,UPL,North,738.1614379882812,-1.584105336421593,21.7,0.0
2023-02-21,UPL,North,727.6434326171875,-1.424892283693191,20.9,0.0
2023-02-22,UPL,North,719.9983520507812,-1.0506630340781697,19.9,0.0
2023-02-23,UPL,North,725.6956176757812,0.791288703477222,19.3,0.0
2023-02-24,UPL,North,719.0244140625,-0.9192839877753989,18.9,0.0
2023-02-27,UPL,North,689.8076171875,-4.063394274740217,21.9,0.0
2023-02-28,UPL,North,676.0758056640625,-1.9906726428196242,21.0,0.0
2023-03-01,UPL,North,694.6771240234375,2.751365779330639,21.2,0.0
2023-03-02,UPL,North,687.4703369140625,-1.0374297439988633,21.5,0.0
2023-03-03,UPL,North,691.4632568359375,0.5808134122264219,22.3,0.0
2023-03-06,UPL,North,692.48583984375,0.14788681794775105,21.0,0.0
2023-03-08,UPL,North,697.9883422851562,0.7946014380088684,20.7,0.3
2023-03-09,UPL,North,693.5084838867188,-0.6418242436214361,20.8,0.0
2023-03-10,UPL,North,693.0701904296875,-0.06319943695206609,21.5,0.0
2023-03-13,UPL,North,686.3016357421875,-0.9766045028287373,23.3,0.0
2023-03-14,UPL,North,679.435791015625,-1.0004121174995495,23.3,0.2
2023-03-15,UPL,North,684.1104125976562,0.6880152096555792,24.2,0.0
2023-03-16,UPL,North,678.2183227539062,-0.8612776147313705,24.1,0.1
2023-03-17,UPL,North,696.9658203125,2.7642275252118598,22.4,0.6
2023-03-20,UPL,North,689.6129150390625,-1.0549879289834752,18.8,19.9
2023-03-21,UPL,North,689.66162109375,0.007062810690650068,18.4,1.8
2023-03-22,UPL,North,697.4527587890625,1.1297044024222158,19.3,0.0
2023-03-23,UPL,North,691.171142578125,-0.9006511382711913,21.3,0.0
2023-03-24,UPL,North,678.705322265625,-1.8035793951121093,21.4,24.9
2023-03-27,UPL,North,682.357421875,0.5380979770695848,20.7,0.0
2023-03-28,UPL,North,695.9918823242188,1.998140565651596,21.9,0.0
2023-03-29,UPL,North,688.9312133789062,-1.0144757610870192,23.1,0.0
2023-03-31,UPL,North,698.91357421875,1.4489633574424232,19.8,5.0
2023-04-03,UPL,North,710.6002807617188,1.6721247052659205,22.9,0.0
2023-04-05,UPL,North,713.1810302734375,0.3631787914511353,22.9,0.0
2023-04-06,UPL,North,707.191650390625,-0.8398120012412802,23.9,0.0
2023-04-10,UPL,North,718.48876953125,1.5974621779520248,25.5,0.0
2023-04-11,UPL,North,723.1634521484375,0.6506270961252891,27.0,0.0
2023-04-12,UPL,North,720.5827026367188,-0.35686946070789816,28.7,0.0
2023-04-13,UPL,North,717.7583618164062,-0.39195234772883003,28.7,0.0
2023-04-17,UPL,North,717.9044799804688,0.020357570435369787,31.6,0.0
2023-04-18,UPL,North,719.3652954101562,0.20348325862615813,31.7,0.0
2023-04-19,UPL,North,716.73583984375,-0.36552438422915445,29.3,0.0
2023-04-20,UPL,North,712.9376220703125,-0.5299327258792452,27.9,0.0
2023-04-21,UPL,North,715.5184326171875,0.3619966834378152,28.2,0.0
2023-04-24,UPL,North,710.7950439453125,-0.6601351490831631,26.1,0.0
2023-04-25,UPL,North,695.9918823242188,-2.082620264053592,26.9,0.0
2023-04-26,UPL,North,696.673583984375,0.09794678321244366,28.6,0.0
2023-04-27,UPL,North,708.2142944335938,1.6565448603944155,28.7,0.0
2023-04-28,UPL,North,720.97216796875,1.8014142944346556,27.5,0.0
2023-05-02,UPL,North,732.8536987304688,1.6479874382937076,22.5,4.5
2023-05-03,UPL,North,720.4852905273438,-1.6877049572855962,22.9,5.0
2023-05-04,UPL,North,712.4019775390625,-1.1219261648443668,24.4,0.0
2023-05-05,UPL,North,696.1866455078125,-2.2761492166634034,25.7,1.2
2023-05-08,UPL,North,696.7223510742188,0.0769485553713034,29.3,0.0
2023-05-09,UPL,North,676.2705688476562,-2.935427892478204,29.2,0.0
2023-05-10,UPL,North,661.9544067382812,-2.116928159947773,29.2,0.0
2023-05-11,UPL,North,665.07080078125,0.4707868111830438,30.4,0.0
2023-05-12,UPL,North,660.4935302734375,-0.688238079680481,32.6,0.0
2023-05-15,UPL,North,658.30224609375,-0.33176466978871444,32.7,0.0
2023-05-16,UPL,North,655.283203125,-0.4586104614809461,32.2,0.0
2023-05-17,UPL,North,660.10400390625,0.7356820315643553,32.7,0.0
2023-05-18,UPL,North,655.7701416015625,-0.6565423446973973,30.7,0.0
2023-05-19,UPL,North,650.559814453125,-0.794535587685119,32.1,0.0
2023-05-22,UPL,North,652.897216796875,0.35929092019231224,36.0,0.0
2023-05-23,UPL,North,662.8795776367188,1.5289329749049063,35.2,1.0
2023-05-24,UPL,North,664.437744140625,0.23506026682273973,30.6,0.6
2023-05-25,UPL,North,658.1561279296875,-0.9454032776331944,28.1,0.1
2023-05-26,UPL,North,670.1350708007812,1.8200761738365934,28.5,0.0
2023-05-29,UPL,North,671.9854736328125,0.27612386109268083,27.0,2.2
2023-05-30,UPL,North,671.0602416992188,-0.13768629976357305,27.2,1.8
2023-05-31,UPL,North,667.21337890625,-0.5732514838351799,24.5,1.5
2023-06-01,UPL,North,660.2500610351562,-1.0436418230264755,26.1,0.0
2023-06-02,UPL,North,665.509033203125,0.7965121820244336,27.4,1.4
2023-06-05,UPL,North,671.9854736328125,0.9731559012078561,30.1,0.7
2023-06-06,UPL,North,675.881103515625,0.5797193593713335,30.6,0.0
2023-06-07,UPL,North,675.8323364257812,-0.007215335595278649,31.2,0.0
2023-06-08,UPL,North,672.0340576171875,-0.5620149560586873,32.1,0.0
2023-06-09,UPL,North,662.489990234375,-1.420176146526353,33.7,0.0
2023-06-12,UPL,North,661.2239379882812,-0.19110511324794688,34.6,0.0
2023-06-13,UPL,North,664.437744140625,0.4860389903791784,35.9,0.0
2023-06-14,UPL,North,664.9246826171875,0.07328579402006152,35.6,0.0
2023-06-15,UPL,North,663.025634765625,-0.28560345272306,33.3,0.0
2023-06-16,UPL,North,672.8132934570312,1.4762112018287477,32.0,1.0
2023-06-19,UPL,North,667.7003173828125,-0.7599398115259226,29.5,7.6
2023-06-20,UPL,North,665.6064453125,-0.31359458963863274,31.4,0.4
2023-06-21,UPL,North,668.1871948242188,0.38772904467700986,30.1,9.5
2023-06-22,UPL,North,656.7927856445312,-1.7052720058014614,32.2,1.2
2023-06-23,UPL,North,649.4398193359375,-1.1195260467695367,31.5,1.2
2023-06-26,UPL,North,661.4674682617188,1.8520036141423724,27.9,13.1
2023-06-27,UPL,North,656.7440185546875,-0.7140864719234141,28.6,4.4
2023-06-28,UPL,North,662.5873413085938,0.8897412977990626,29.0,12.5
2023-06-30,UPL,North,669.599365234375,1.0582791865496155,28.8,5.7
2023-07-03,UPL,North,662.5386962890625,-1.0544617142582147,31.2,0.5
2023-07-04,UPL,North,659.2761840820312,-0.492425910411709,31.0,0.6
2023-07-05,UPL,North,652.3128051757812,-1.0562157521199933,29.4,13.3
2023-07-06,UPL,North,655.185791015625,0.44043069782595534,29.1,1.4
2023-07-07,UPL,North,645.6903686523438,-1.4492717170441205,28.6,6.7
2023-07-10,UPL,North,642.8660888671875,-0.4374046636394735,27.6,46.8
2023-07-11,UPL,North,627.4298706054688,-2.401156092852763,28.7,9.7
2023-07-12,UPL,North,627.040283203125,-0.062092581274109104,28.8,4.1
2023-07-13,UPL,North,614.52587890625,-1.9957895261445313,29.4,0.8
2023-07-14,UPL,North,622.8526000976562,1.354983000264598,28.6,12.4
2023-07-17,UPL,North,626.9916381835938,0.664529310030737,29.1,10.3
2023-07-18,UPL,North,623.2421875,-0.5980064892820547,28.3,9.1
2023-07-19,UPL,North,622.4630737304688,-0.12500979316828476,28.9,8.8
2023-07-20,UPL,North,622.70654296875,0.039113844428095845,29.8,47.7
2023-07-21,UPL,North,618.0317993164062,-0.7507137519475737,31.2,0.8
2023-07-24,UPL,North,615.6458129882812,-0.38606206521478725,30.1,12.4
2023-07-25,UPL,North,609.6563720703125,-0.9728712177699439,29.5,13.8
2023-07-26,UPL,North,615.4022827148438,0.9424834886936129,27.1,21.5
2023-07-27,UPL,North,610.38671875,-0.8150057459516802,28.8,6.9
2023-07-28,UPL,North,608.82861328125,-0.2552652967189095,28.2,14.1
2023-07-31,UPL,North,608.3903198242188,-0.07198962852108526,29.7,5.8
2023-08-01,UPL,North,609.3642578125,0.16008439919994455,30.5,0.3
2023-08-02,UPL,North,602.9852294921875,-1.0468333576393207,30.3,1.2
2023-08-03,UPL,North,593.9758911132812,-1.4941225652398749,29.4,12.5
2023-08-04,UPL,North,596.8445434570312,0.48295770698256746,28.8,16.5
2023-08-07,UPL,North,600.2573852539062,0.5718141908623631,30.1,0.6
2023-08-08,UPL,North,597.833740234375,-0.4037676301985149,30.3,0.0
2023-08-09,UPL,North,608.5668334960938,1.7953307984107658,30.8,0.1
2023-08-10,UPL,North,603.07666015625,-0.9021479708816504,30.4,0.1
2023-08-11,UPL,North,593.2339477539062,-1.6320831251857126,30.9,0.2
2023-08-14,UPL,North,583.9352416992188,-1.567460205184501,29.8,0.0
2023-08-16,UPL,North,583.4406127929688,-0.08470612337262429,30.9,0.0
2023-08-17,UPL,North,578.6430053710938,-0.8222957601303316,31.8,0.0
2023-08-18,UPL,North,572.2130737304688,-1.1112087385384273,31.8,0.0
2023-08-21,UPL,North,579.3848876953125,1.2533467503788476,32.4,1.2
2023-08-22,UPL,North,577.5548095703125,-0.31586569892765315,31.3,5.2
2023-08-23,UPL,North,579.434326171875,0.32542653448957015,28.2,13.1
2023-08-24,UPL,North,580.077392578125,0.11098175879542538,29.4,0.0
2023-08-25,UPL,North,576.9118041992188,-0.5457182816308248,30.3,0.0
2023-08-28,UPL,North,578.8408203125,0.33436932634076655,29.6,0.6
2023-08-29,UPL,North,591.1565551757812,2.127654863150852,30.6,0.0
2023-08-30,UPL,North,593.4317626953125,0.38487393899484523,30.9,0.0
2023-08-31,UPL,North,584.776123046875,-1.458573705108801,31.1,0.0
2023-09-01,UPL,North,596.4983520507812,2.0045669687793755,31.8,0.0
2023-09-04,UPL,North,600.900390625,0.7379800059940544,31.0,0.0
2023-09-05,UPL,North,601.493896484375,0.09876942478896922,30.8,8.0
2023-09-06,UPL,North,602.7798461914062,0.21379264437217937,30.8,6.7
2023-09-07,UPL,North,605.6980590820312,0.4841258228959422,31.6,0.8
2023-09-08,UPL,North,600.2573852539062,-0.8982485161617704,30.7,0.8
2023-09-11,UPL,North,611.2871704101562,1.837509279720817,28.0,0.5
2023-09-12,UPL,North,597.982177734375,-2.1765535610462683,29.3,0.0
2023-09-13,UPL,North,601.7412109375,0.6286196049131609,29.8,7.5
2023-09-14,UPL,North,624.9384155273438,3.8550134456809104,29.6,8.9
2023-09-15,UPL,North,627.8070678710938,0.4590296055539067,27.7,20.0
2023-09-18,UPL,North,623.3060913085938,-0.7169362679784519,28.0,0.5
2023-09-20,UPL,North,615.7881469726562,-1.2061400395035449,29.3,1.6
2023-09-21,UPL,North,618.310546875,0.40962137948650224,28.8,2.5
2023-09-22,UPL,North,608.171142578125,-1.6398562741846368,29.2,0.4
2023-09-25,UPL,North,610.2979736328125,0.34970930150870494,28.3,0.1
2023-09-26,UPL,North,610.8914794921875,0.09724853842167924,28.8,0.0
2023-09-27,UPL,North,608.4678344726562,-0.39673904464111454,27.7,0.0
2023-09-28,UPL,North,598.476806640625,-1.64199769749378,26.5,0.0
2023-09-29,UPL,North,609.60546875,1.8594976423301102,26.6,0.0
2023-10-03,UPL,North,600.4552001953125,-1.5010148405410817,25.8,0.0
2023-10-04,UPL,North,596.5477905273438,-0.6507412487555708,25.8,0.0
2023-10-05,UPL,North,597.7843017578125,0.20727781581013627,25.8,0.0
2023-10-06,UPL,North,605.5497436523438,1.2990374407117367,26.1,0.0
2023-10-09,UPL,North,603.3734130859375,-0.3593974878562056,28.7,0.0
2023-10-10,UPL,North,615.0955810546875,1.9427717089484098,27.6,0.6
2023-10-11,UPL,North,620.9815063476562,0.9569123034303573,26.1,0.0
2023-10-12,UPL,North,613.9085693359375,-1.1389931808627796,25.1,0.0
2023-10-13,UPL,North,616.3321533203125,0.3947793051653603,26.7,0.0
2023-10-16,UPL,North,624.14697265625,1.2679558082175912,24.1,0.1
2023-10-17,UPL,North,618.1622924804688,-0.9588575188167026,22.2,1.6
2023-10-18,UPL,North,613.859130859375,-0.6961216614858046,22.5,0.0
2023-10-19,UPL,North,606.9345703125,-1.128037394700132,22.0,0.0
2023-10-20,UPL,North,596.9434814453125,-1.6461558388482067,22.1,0.0
2023-10-23,UPL,North,580.3740844726562,-2.7757061577318165,23.1,0.0
2023-10-25,UPL,North,573.894775390625,-1.116402205987288,23.0,0.0
2023-10-26,UPL,North,555.0006713867188,-3.292259280640053,22.5,0.0
2023-10-27,UPL,North,552.6265869140625,-0.4277624505794497,22.2,0.0
2023-10-30,UPL,North,532.8422241210938,-3.5800598924216054,23.8,0.0
2023-10-31,UPL,North,534.6722412109375,0.3434444582282037,24.1,0.0
2023-11-01,UPL,North,526.3133544921875,-1.5633665027790844,23.9,0.0
2023-11-02,UPL,North,534.9194946289062,1.6351741910524797,23.7,0.0
2023-11-03,UPL,North,544.3665771484375,1.766075571069825,22.4,0.0
2023-11-06,UPL,North,548.7191162109375,0.7995603046204502,21.7,0.0
2023-11-07,UPL,North,546.0482177734375,-0.48675148333510165,21.9,0.0
2023-11-08,UPL,North,549.7083740234375,0.6702990928025843,22.2,0.0
2023-11-09,UPL,North,544.4655151367188,-0.9537527777401467,22.0,0.0
2023-11-10,UPL,North,541.2505493164062,-0.5904810738114774,20.3,10.0
2023-11-13,UPL,North,546.74072265625,1.0143497030677961,18.6,0.0
2023-11-15,UPL,North,555.7425537109375,1.6464533702471584,17.8,0.0
2023-11-16,UPL,North,554.8027954101562,-0.16909957578488122,19.1,0.0
2023-11-17,UPL,North,555.693115234375,0.16047500690052896,20.0,0.0
2023-11-20,UPL,North,550.6975708007812,-0.8989754050644949,18.7,0.0
2023-11-21,UPL,North,556.9790649414062,1.140643154007548,18.4,0.0
2023-11-22,UPL,North,559.7984008789062,0.5061834663025566,17.8,0.0
2023-11-23,UPL,North,559.7984008789062,0.0,17.1,0.0
2023-11-24,UPL,North,552.92333984375,-1.228131596010662,17.8,0.0
2023-11-28,UPL,North,557.4736938476562,0.8229629093233992,17.3,1.3
2023-11-29,UPL,North,563.9036254882812,1.1534053914268094,18.4,0.0
2023-11-30,UPL,North,564.4971923828125,0.10526034373645743,17.0,6.3
2023-12-01,UPL,North,568.9486083984375,0.7885630036236435,18.2,0.7
2023-12-04,UPL,North,572.658203125,0.6520087529530594,17.2,0.3
2023-12-05,UPL,North,575.1312255859375,0.43184965262736963,16.2,0.0
2023-12-06,UPL,North,582.2041625976562,1.2297953401005035,16.0,0.0
2023-12-07,UPL,North,580.2257080078125,-0.33982144356652366,16.2,0.0
2023-12-08,UPL,North,578.8903198242188,-0.2301497788125828,15.9,0.0
2023-12-11,UPL,North,595.9048461914062,2.939162356757663,14.7,0.0
2023-12-12,UPL,North,591.2554931640625,-0.7802173546765157,14.7,0.0
2023-12-13,UPL,North,592.8876953125,0.2760569952091174,15.1,0.0
2023-12-14,UPL,North,592.6898803710938,-0.033364656235945755,14.4,0.0
2023-12-15,UPL,North,604.263671875,1.9527567261077072,13.4,0.0
2023-12-18,UPL,North,600.0100708007812,-0.7039312922817342,13.9,0.0
2023-12-19,UPL,North,592.294189453125,-1.2859586402205747,13.9,0.0
2023-12-20,UPL,North,565.98095703125,-4.442595063471821,13.0,0.0
2023-12-21,UPL,North,571.1744384765625,0.9176070998137442,13.3,0.0
2023-12-22,UPL,North,575.3785400390625,0.7360451167445881,12.9,0.0
2023-12-26,UPL,North,579.780517578125,0.7650576503537287,14.7,0.0
2023-12-27,UPL,North,576.9118041992188,-0.49479299354340256,13.8,0.0
2023-12-28,UPL,North,583.0944213867188,1.0716745856989007,13.2,0.0
2023-12-29,UPL,North,580.918212890625,-0.37321716968553575,12.0,0.0
2024-01-01,UPL,North,586.3093872070312,0.9280436035186357,10.0,0.0
2024-01-02,UPL,North,588.0405883789062,0.29527092856584947,8.7,0.0
2024-01-03,UPL,North,580.5224609375,-1.2785048498322182,8.8,0.0
2024-01-04,UPL,North,581.3138427734375,0.13632234567797497,11.0,0.0
2024-01-05,UPL,North,574.98291015625,-1.08907308778039,11.5,0.2
2024-01-08,UPL,North,554.852294921875,-3.5010806197534716,10.7,0.0
2024-01-09,UPL,North,552.1319580078125,-0.49028127646936204,10.6,0.0
2024-01-10,UPL,North,552.5770263671875,0.08060905602726987,8.8,0.0
2024-01-11,UPL,North,556.187744140625,0.6534324811104497,8.9,0.0
2024-01-12,UPL,North,559.0069580078125,0.5068816954144628,9.7,0.0
2024-01-15,UPL,North,561.62841796875,0.4689494331662436,8.3,0.0
2024-01-16,UPL,North,558.4134521484375,-0.5724364575318552,8.2,0.0
2024-01-17,UPL,North,545.0590209960938,-2.3914952444222037,9.7,0.0
2024-01-18,UPL,North,538.3323974609375,-1.2341092021306954,9.8,0.0
2024-01-19,UPL,North,547.4331665039062,1.6905482720142473,9.4,0.0
2024-01-23,UPL,North,529.3303833007812,-3.3068480886416673,10.1,0.0
2024-01-24,UPL,North,539.8656616210938,1.9903029662905247,10.8,0.0
2024-01-25,UPL,North,531.5067138671875,-1.5483384753174012,9.6,0.0
2024-01-29,UPL,North,533.8314208984375,0.43738055806212817,14.4,0.0
2024-01-30,UPL,North,529.4788208007812,-0.8153510503991712,13.4,0.0
2024-01-31,UPL,North,531.9024658203125,0.45774163655227795,14.0,9.3
2024-02-01,UPL,North,524.3348999023438,-1.4227356337402686,15.4,0.3
2024-02-02,UPL,North,527.8961181640625,0.6791877218895737,12.6,0.0
2024-02-05,UPL,North,468.8892517089844,-11.177742064157336,14.9,0.7
2024-02-06,UPL,North,476.6546325683594,1.6561225984754735,11.8,0.0
2024-02-07,UPL,North,472.6482543945313,-0.840520137660361,12.4,0.0
2024-02-08,UPL,North,459.837890625,-2.7103376877888885,12.8,0.0
2024-02-09,UPL,North,453.0122985839844,-1.4843474581310523,13.1,0.0
2024-02-12,UPL,North,453.45745849609375,0.09826662841181388,14.3,0.0
2024-02-13,UPL,North,473.9342651367188,4.5157062160885,14.7,0.0
2024-02-14,UPL,North,476.2094421386719,0.4800617236014215,15.6,0.0
2024-02-15,UPL,North,482.0953063964844,1.23598226683177,15.3,0.0
2024-02-16,UPL,North,485.6070251464844,0.7284283218289334,15.1,0.0
2024-02-19,UPL,North,492.1853332519531,1.3546567007518773,20.5,0.0
2024-02-20,UPL,North,492.679931640625,0.1004902737357094,20.0,0.0
2024-02-21,UPL,North,486.8435363769531,-1.184622081974529,18.1,0.0
2024-02-22,UPL,North,486.991943359375,0.030483506780498715,17.0,0.1
2024-02-23,UPL,North,483.4307861328125,-0.7312558811541914,15.6,0.0
2024-02-26,UPL,North,483.8758850097656,0.09207085889453293,17.2,0.0
2024-02-27,UPL,North,479.3749694824219,-0.9301797561688585,17.5,0.2
2024-02-28,UPL,North,470.7687683105469,-1.7952963170286274,16.8,0.0
2024-02-29,UPL,North,464.6356201171875,-1.3027941966858747,17.7,0.0
2024-03-01,UPL,North,469.4333190917969,1.03257235710843,19.4,0.5
2024-03-04,UPL,North,469.1365661621094,-0.0632151399610148,15.3,0.0
2024-03-05,UPL,North,469.1365661621094,0.0,14.3,0.0
2024-03-06,UPL,North,468.097900390625,-0.22139944877489492,14.7,0.0
2024-03-07,UPL,North,477.0997314453125,1.9230658901002284,16.6,0.0
2024-03-11,UPL,North,471.4117431640625,-1.192201107307056,21.7,0.0
2024-03-12,UPL,North,468.9386901855469,-0.5246057219357225,21.2,0.0
2024-03-13,UPL,North,447.0275268554688,-4.672500646386924,20.4,0.0
2024-03-14,UPL,North,457.1175537109375,2.2571377039005025,21.1,0.0
2024-03-15,UPL,North,470.02685546875,2.8240660751295055,19.6,0.0
2024-03-18,UPL,North,461.0249633789063,-1.9151867569069503,19.9,0.0
2024-03-19,UPL,North,456.0788879394531,-1.072843301847004,20.7,0.0
2024-03-20,UPL,North,450.5392761230469,-1.214617024136766,22.3,0.0
2024-03-21,UPL,North,450.6381530761719,0.021946355926139027,22.7,0.0
2024-03-22,UPL,North,464.932373046875,3.1719950636951433,24.5,0.0
2024-03-26,UPL,North,460.3819580078125,-0.9787262197385682,25.4,0.0
2024-03-27,UPL,North,450.5887145996094,-2.1271996519109715,27.9,0.0
2024-03-28,UPL,North,451.0833435058594,0.10977392247595308,28.0,0.0
2024-04-01,UPL,North,461.1733703613281,2.236843146778189,24.5,0.0
2024-04-02,UPL,North,470.1257629394531,1.9412206240596364,25.1,0.0
2024-04-03,UPL,North,471.5601501464844,0.305107126668136,27.7,0.0
2024-04-04,UPL,North,487.6349487304688,3.408854327277444,28.8,0.0
2024-04-05,UPL,North,489.0198364257813,0.28400091070543976,27.9,0.0
2024-04-08,UPL,North,483.7769775390625,-1.0721157908518797,27.2,0.0
2024-04-09,UPL,North,484.568359375,0.1635840217042217,28.2,0.0
2024-04-10,UPL,North,498.8625183105469,2.9498745964312567,29.0,0.0
2024-04-12,UPL,North,496.6368103027344,-0.44615659146934883,29.9,0.0
2024-04-15,UPL,North,484.6672973632813,-2.410113928558144,28.6,0.0
2024-04-16,UPL,North,479.4244079589844,-1.0817501888036651,29.5,0.0
2024-04-18,UPL,North,473.2417907714844,-1.289591661346734,30.6,0.0
2024-04-19,UPL,North,482.2931518554688,1.9126292860207394,31.1,0.0
2024-04-22,UPL,North,488.080078125,1.1998773458150591,30.3,0.2
2024-04-23,UPL,North,490.1574401855469,0.4256191050712843,29.4,0.0
2024-04-24,UPL,North,493.0756530761719,0.595362357352025,29.1,0.0
2024-04-25,UPL,North,500.4453125,1.4946305658879666,29.5,0.0
2024-04-26,UPL,North,502.9678039550781,0.5040493720436467,31.7,0.0
2024-04-29,UPL,North,501.5828857421875,-0.27534927723014135,30.3,0.0
2024-04-30,UPL,North,501.6818237304688,0.01972515233148453,28.8,0.0
2024-05-02,UPL,North,492.8283386230469,-1.7647609876690562,27.2,0.0
2024-05-03,UPL,North,488.2779235839844,-0.923326578941519,29.6,0.0
2024-05-06,UPL,North,478.1878967285156,-2.066451577701378,33.3,0.0
2024-05-07,UPL,North,468.9881896972656,-1.9238686495808621,33.7,0.0
2024-05-08,UPL,North,472.6977233886719,0.7909652679741752,32.7,0.0
2024-05-09,UPL,North,461.4206848144531,-2.385676515083679,32.5,0.1
2024-05-10,UPL,North,496.4884033203125,7.5999450523031475,31.7,0.4
2024-05-13,UPL,North,528.3412475585938,6.415627036857741,33.2,0.0
2024-05-14,UPL,North,504.5505676269531,-4.502900358731166,33.0,0.0
2024-05-15,UPL,North,509.2493591308594,0.9312825721326634,33.5,0.0
2024-05-16,UPL,North,504.5010681152344,-0.9324098166228367,34.0,0.0
2024-05-17,UPL,North,505.7376403808594,0.2451079578968507,35.9,0.0
2024-05-21,UPL,North,506.5783996582031,0.16624415709114437,34.9,0.0
2024-05-22,UPL,North,509.9912109375,0.6736985393770434,35.4,0.0
2024-05-23,UPL,North,505.3419189453125,-0.9116415915562226,36.0,0.1
2024-05-24,UPL,North,510.238525390625,0.9689689815426616,35.8,0.0
2024-05-27,UPL,North,519.2899169921875,1.7739529947553345,37.9,0.0
2024-05-28,UPL,North,511.9202270507813,-1.419186026967878,37.4,0.0
2024-05-29,UPL,North,511.67291259765625,-0.04831113131626985,38.7,0.0
2024-05-30,UPL,North,500.6431274414063,-2.155632022858911,39.0,0.0
2024-05-31,UPL,North,503.3139953613281,0.5334873832327558,37.1,0.0
2024-06-03,UPL,North,522.4553833007812,3.803070869450309,37.3,0.0
2024-06-04,UPL,North,490.60260009765625,-6.096747056539975,37.0,0.0
2024-06-05,UPL,North,522.752197265625,6.553083322748243,36.7,0.0
2024-06-06,UPL,North,531.6056518554688,1.6936236014222006,34.7,0.0
2024-06-07,UPL,North,533.9303588867188,0.4372991564585593,35.0,0.1
2024-06-10,UPL,North,545.5536499023438,2.1769301599295465,35.8,0.0
2024-06-11,UPL,North,548.3234252929688,0.5076999101959689,36.1,0.0
2024-06-12,UPL,North,544.1192626953125,-0.7667304374986306,37.0,0.0
2024-06-13,UPL,North,551.686767578125,1.390780551551618,37.6,0.0
2024-06-14,UPL,North,545.75146484375,-1.0758464917385413,37.6,0.0
2024-06-18,UPL,North,550.1535034179688,0.8066013300539687,39.0,0.0
2024-06-19,UPL,North,551.2910766601562,0.20677378860991524,37.6,0.4
2024-06-20,UPL,North,562.8649291992188,2.099408648001244,34.0,2.2
2024-06-21,UPL,North,559.8478393554688,-0.5360237753740282,32.6,3.9
2024-06-24,UPL,North,565.9315185546875,1.0866665496508165,34.5,0.3
2024-06-25,UPL,North,564.9422607421875,-0.17480168184066391,33.5,1.2
2024-06-26,UPL,North,564.2003173828125,-0.1313308298799054,31.3,7.1
2024-06-27,UPL,North,561.727294921875,-0.43832347922263537,28.8,7.3
2024-06-28,UPL,North,564.6949462890625,0.5283082011530604,28.5,7.2
2024-07-01,UPL,North,567.2669677734375,0.4554709584842609,30.4,14.2
2024-07-02,UPL,North,560.540283203125,-1.1858057938249456,29.5,15.1
2024-07-03,UPL,North,565.98095703125,0.9706124592928633,29.8,4.9
2024-07-04,UPL,North,564.29931640625,-0.2971196475974658,28.3,12.9
2024-07-05,UPL,North,566.5250854492188,0.3944305758056821,28.0,2.0
2024-07-08,UPL,North,561.2822265625,-0.9254416126271758,29.0,0.3
2024-07-09,UPL,North,557.869384765625,-0.6080438031641378,29.3,15.5
2024-07-10,UPL,North,553.7640991210938,-0.7358865276781534,30.4,6.9
2024-07-11,UPL,North,551.686767578125,-0.3751293278610457,31.7,0.9
2024-07-12,UPL,North,557.5726318359375,1.066885160876918,30.7,12.9
2024-07-15,UPL,North,558.95751953125,0.24837798992256577,30.3,1.7
2024-07-16,UPL,North,551.2910766601562,-1.3715609153130193,30.9,24.6
2024-07-18,UPL,North,552.6265869140625,0.2422513823363559,31.3,7.2
2024-07-19,UPL,North,536.7495727539062,-2.8730094671730377,30.9,0.6
2024-07-22,UPL,North,539.56884765625,0.525249584807086,31.1,1.7
2024-07-23,UPL,North,534.5733032226562,-0.9258400397452737,30.5,5.6
2024-07-24,UPL,North,531.2593994140625,-0.6199156951190776,30.2,7.0
2024-07-25,UPL,North,523.7413940429688,-1.4151289143091939,31.2,0.4
2024-07-26,UPL,North,538.2828979492188,2.776466414846146,30.3,5.5
2024-07-29,UPL,North,547.1858520507812,1.6539544792304461,32.5,0.3
2024-07-30,UPL,North,558.8092041015625,2.124205515770994,33.4,0.0
2024-07-31,UPL,North,565.8820190429688,1.2656940668644978,31.5,33.8
2024-08-01,UPL,North,554.4071655273438,-2.0277819632847693,28.5,41.8
2024-08-02,UPL,North,531.8035278320312,-4.077082530816911,28.8,4.6
2024-08-05,UPL,North,522.603759765625,-1.72991858551792,29.4,1.1
2024-08-06,UPL,North,527.797119140625,0.9937470364409728,29.3,0.4
2024-08-07,UPL,North,540.805419921875,2.4646403531778383,27.6,17.2
2024-08-08,UPL,North,541.8935546875,0.20120633513291963,28.0,11.8
2024-08-09,UPL,North,548.6201782226562,1.2413182398959055,27.9,36.2
2024-08-12,UPL,North,559.9755249023438,2.0698011357283663,27.0,9.8
2024-08-13,UPL,North,547.0438842773438,-2.3093224703446102,27.5,7.7
2024-08-14,UPL,North,537.92724609375,-1.6665277586709548,28.3,2.9
2024-08-16,UPL,North,548.33203125,1.934236503506015,28.0,14.3
2024-08-19,UPL,North,555.5162963867188,1.31020344012025,29.3,0.6
2024-08-20,UPL,North,561.0160522460938,0.9900260163648422,28.4,22.7
2024-08-21,UPL,North,563.146484375,0.37974530681907925,28.6,2.7
2024-08-22,UPL,North,573.8981323242188,1.9092098144146918,28.6,4.6
2024-08-23,UPL,North,568.49755859375,-0.9410335086118993,28.0,1.6
2024-08-26,UPL,North,572.2135620117188,0.6536533643452636,28.7,2.9
2024-08-27,UPL,North,577.6636962890625,0.9524650653477851,27.6,14.8
2024-08-28,UPL,North,572.80810546875,-0.8405566857507263,27.1,9.1
2024-08-29,UPL,North,572.5603637695312,-0.043250382956083744,27.1,31.4
2024-08-30,UPL,North,592.9240112304688,3.556593985456935,27.9,2.6
2024-09-02,UPL,North,594.0635986328125,0.19219788383655345,28.0,6.9
2024-09-03,UPL,North,596.7391357421875,0.45037890143959647,27.4,24.9
2024-09-04,UPL,North,602.3378295898438,0.938214625506828,27.2,0.3
2024-09-05,UPL,North,613.0894775390625,1.7849863350837492,27.5,1.4
2024-09-06,UPL,North,604.2701416015625,-1.4385071446505249,26.7,11.6
2024-09-09,UPL,North,598.919189453125,-0.885523175819225,28.5,3.3
2024-09-10,UPL,North,613.5849609375,2.4487062265889925,27.1,22.4
2024-09-11,UPL,North,605.4592895507812,-1.3242944178917804,27.5,18.7
2024-09-12,UPL,North,609.2743530273438,0.6301106519305488,25.8,87.0
2024-09-13,UPL,North,605.855712890625,-0.5611002858945779,25.6,62.7
2024-09-16,UPL,North,608.23388671875,0.3925313861906865,27.2,0.0
2024-09-17,UPL,North,605.1124877929688,-0.5131905659877534,27.5,0.0
2024-09-18,UPL,North,599.61279296875,-0.9088714801239406,25.4,25.4
2024-09-19,UPL,North,589.4061889648438,-1.7021991731317465,26.4,3.0
2024-09-20,UPL,North,581.7760009765625,-1.2945551185476911,27.7,0.0
2024-09-23,UPL,North,587.42431640625,0.970874601256555,29.0,0.0
2024-09-24,UPL,North,598.2750244140625,1.8471669804537738,29.3,0.0
2024-09-25,UPL,North,594.1130981445312,-0.6956543562230966,29.2,0.6
2024-09-26,UPL,North,595.6490478515625,0.2585281677559559,28.0,0.7
2024-09-27,UPL,North,605.1124877929688,1.5887610289212706,27.6,0.2
2024-09-30,UPL,North,607.58984375,0.4094042028560452,27.6,0.0
2024-10-01,UPL,North,615.5668334960938,1.3128905672386448,28.2,0.0
2024-10-03,UPL,North,599.9596557617188,-2.53541563403189,28.4,0.0
2024-10-04,UPL,North,593.8653564453125,-1.0157848545113923,28.1,0.0
2024-10-07,UPL,North,575.0376586914062,-3.170364721492225,26.7,0.0
2024-10-08,UPL,North,571.5693969726562,-0.6031364496444591,26.8,0.0
2024-10-09,UPL,North,572.3621826171875,0.13870330509826445,26.3,0.0
2024-10-10,UPL,North,579.1005249023438,1.1772864262877158,26.1,0.0
2024-10-11,UPL,North,577.7627563476562,-0.23100800243844866,24.4,0.0
2024-10-14,UPL,North,573.4027099609375,-0.7546430327702192,25.3,0.0
2024-10-15,UPL,North,568.8939208984375,-0.7863215475223617,24.7,0.0
2024-10-16,UPL,North,563.6915283203125,-0.9144749815412023,25.3,0.0
2024-10-17,UPL,North,548.6788940429688,-2.66327122603357,26.3,0.0
2024-10-18,UPL,North,550.21484375,0.2799359923822742,26.3,0.0
2024-10-21,UPL,North,540.5037231445312,-1.7649688509460137,25.7,0.0
2024-10-22,UPL,North,525.5406494140625,-2.768357198987803,25.1,0.0
2024-10-23,UPL,North,526.927978515625,0.2639813120277612,25.5,0.0
2024-10-24,UPL,North,530.1484985351562,0.6111878949004668,25.4,0.0
2024-10-25,UPL,North,517.2168579101562,-2.4392487502522764,24.7,0.0
2024-10-28,UPL,North,526.9774780273438,1.8871426883929843,25.8,0.0
2024-10-29,UPL,North,529.8016967773438,0.5359277896603842,26.3,0.0
2024-10-30,UPL,North,541.2964477539062,2.169632722296333,26.7,0.0
2024-10-31,UPL,North,548.62939453125,1.3547007019483637,25.6,0.0
2024-11-01,UPL,North,553.3363037109375,0.8579396632054426,24.6,0.0
2024-11-04,UPL,North,547.638427734375,-1.0297310945169946,22.7,0.0
2024-11-05,UPL,North,553.9804077148438,1.1580597086121358,23.1,0.0
2024-11-06,UPL,North,562.1060180664062,1.4667685424256227,23.8,0.0
2024-11-07,UPL,North,562.0069580078125,-0.017623020464097028,24.1,0.0
2024-11-08,UPL,North,552.5435180664062,-1.6838652629768136,24.4,0.0
2024-11-11,UPL,North,510.478515625,-7.6129754609393085,24.1,0.0
2024-11-12,UPL,North,522.9642333984375,2.445885064947495,24.3,0.0
2024-11-13,UPL,North,510.7262573242188,-2.3401172188566854,22.9,0.0
2024-11-14,UPL,North,521.0319213867188,2.0178449638546203,22.4,0.0
2024-11-18,UPL,North,510.3473815917969,-2.05064975030419,20.0,0.0
2024-11-19,UPL,North,519.7578125,1.8439265581909225,19.0,0.0
2024-11-21,UPL,North,528.2651977539062,1.6367979565302448,18.5,0.0
2024-11-22,UPL,North,538.3884887695312,1.916327454215705,19.0,0.0
2024-11-25,UPL,North,540.43212890625,0.3795846641129863,19.5,0.0
2024-11-26,UPL,North,546.74658203125,1.168408165846735,18.6,0.0
2024-11-27,UPL,North,543.2288208007812,-0.6433988516946432,18.4,0.0
2024-11-28,UPL,North,541.9406127929688,-0.23713911311140645,17.8,0.0
2024-11-29,UPL,North,540.0578002929688,-0.3474204471033526,17.2,0.0
2024-12-02,UPL,North,550.0166625976562,1.8440363789366643,18.2,0.0
2024-12-03,UPL,North,557.99365234375,1.450317833721515,19.0,0.0
2024-12-04,UPL,North,562.7996826171875,0.861305545905533,19.1,0.0
2024-12-05,UPL,North,553.1381225585938,-1.7166960744655402,16.8,0.0
2024-12-06,UPL,North,557.5477905273438,0.7972091940350534,16.7,0.0
2024-12-09,UPL,North,550.363525390625,-1.2885469656195192,14.7,0.0
2024-12-10,UPL,North,544.9629516601562,-0.9812739182953001,13.8,0.0
2024-12-11,UPL,North,546.9943237304688,0.37275415954867164,12.9,0.0
2024-12-12,UPL,North,542.485595703125,-0.8242732751949755,13.0,0.0
2024-12-13,UPL,North,545.2601928710938,0.5114600627086796,13.7,0.0
2024-12-16,UPL,North,542.9810791015625,-0.41798645845214644,12.5,0.0
2024-12-17,UPL,North,533.5177001953125,-1.7428561087079686,12.6,0.0
2024-12-18,UPL,North,527.4234008789062,-1.142286247330726,12.7,0.0
2024-12-19,UPL,North,513.6494750976562,-2.61154999158113,13.7,0.0
2024-12-20,UPL,North,499.9250793457031,-2.6719380467280396,15.2,0.0
2024-12-23,UPL,North,503.0960693359375,0.6342930413462122,14.5,2.0
2024-12-24,UPL,North,499.9250793457031,-0.6302951232395659,14.5,4.7
2024-12-26,UPL,North,495.1190490722656,-0.9613501046451978,14.7,0.0
2024-12-27,UPL,North,497.4972839355469,0.48033596520624666,14.3,34.2
2024-12-30,UPL,North,496.2090759277344,-0.2589376966285917,12.4,0.0
2024-12-31,UPL,North,496.4568176269531,0.049926877849948426,10.7,0.0
2025-01-01,UPL,North,495.9613342285156,-0.0998039267152917,10.6,0.0
2025-01-02,UPL,North,504.8302001953125,1.788217216689425,11.9,0.0
2025-01-03,UPL,North,524.7479248046875,3.945430483689183,11.8,0.0
2025-01-06,UPL,North,516.5726928710938,-1.557935066944116,13.0,0.5
2025-01-07,UPL,North,539.5128173828125,4.440831818696855,12.8,0.0
2025-01-08,UPL,North,534.6572265625,-0.8999954521686893,12.2,0.0
2025-01-09,UPL,North,540.5037231445312,1.0935037050972651,11.8,0.0
2025-01-10,UPL,North,543.8728637695312,0.6233334722282935,11.8,0.0
2025-01-13,UPL,North,528.8107299804688,-2.769421824922147,12.9,0.0
2025-01-14,UPL,North,536.9363403320312,1.5365819736416153,12.5,0.0
2025-01-15,UPL,North,541.9406127929688,0.9320047992734004,12.3,1.3
2025-01-16,UPL,North,541.3460083007812,-0.109717647681562,13.9,1.1
2025-01-17,UPL,North,546.6970825195312,0.9884757875182837,12.8,0.0
2025-01-20,UPL,North,547.8366088867188,0.20843834796699934,15.7,0.0
2025-01-21,UPL,North,539.3145751953125,-1.555579447077149,15.3,0.0
2025-01-22,UPL,North,537.7786865234375,-0.28478530759507015,15.4,0.0
2025-01-23,UPL,North,552.791259765625,2.7915894806539887,15.8,0.2
2025-01-24,UPL,North,546.9943237304688,-1.0486663695829845,14.4,0.0
2025-01-27,UPL,North,537.4318237304688,-1.7481899875640972,12.9,0.0
2025-01-28,UPL,North,533.765380859375,-0.682215438163658,13.7,0.0
2025-01-29,UPL,North,548.0843505859375,2.6826336514197635,16.2,0.0
2025-01-30,UPL,North,561.8087768554688,2.5040719106208753,17.4,0.0
2025-01-31,UPL,North,598.2750244140625,6.490864696472176,17.1,0.0
2025-02-01,UPL,North,598.5227661132812,0.041409333351549726,17.9,0.0
2025-02-03,UPL,North,624.5347290039062,4.34602731313678,15.3,0.1
2025-02-04,UPL,North,631.1244506835938,1.0551409511201593,16.9,3.9
2025-02-05,UPL,North,639.596923828125,1.3424409615812483,15.1,1.1
2025-02-06,UPL,North,638.9032592773438,-0.10845339071200444,14.7,0.0
2025-02-07,UPL,North,635.5340576171875,-0.5273414419527445,14.1,0.0
2025-02-10,UPL,North,629.192138671875,-0.9978881334999246,16.9,0.0
2025-02-11,UPL,North,605.1620483398438,-3.819197484373371,17.9,0.0
2025-02-12,UPL,North,614.8731689453125,1.6047140814777539,17.6,0.0
2025-02-13,UPL,North,624.0392456054688,1.4907264006784882,16.8,0.0
2025-02-14,UPL,North,612.7426147460938,-1.8102436567774771,17.0,0.0
2025-02-17,UPL,North,626.467041015625,2.2398354446456104,19.4,0.0
2025-02-18,UPL,North,625.0797119140625,-0.2214528475932842,19.0,0.0
2025-02-19,UPL,North,644.1551513671875,3.0516811039529523,18.9,0.0
2025-02-20,UPL,North,641.3805541992188,-0.4307342977976303,18.5,6.6
2025-02-21,UPL,North,640.4887084960938,-0.13905094211009716,18.1,0.2
2025-02-24,UPL,North,639.3491821289062,-0.17791513762407396,18.2,0.0
2025-02-25,UPL,North,641.6282958984375,0.35647402596845623,19.4,0.0
2025-02-27,UPL,North,637.813232421875,-0.5945909027002094,20.1,4.4
2025-02-28,UPL,North,627.2102661132812,-1.6623935926090239,19.6,12.7
2025-03-03,UPL,North,611.1076049804688,-2.56734655071863,19.6,0.0
2025-03-04,UPL,North,607.8375854492188,-0.5350971751291622,19.2,0.5
2025-03-05,UPL,North,622.156494140625,2.355712946053501,17.0,0.0
2025-03-06,UPL,North,619.0350952148438,-0.5017063962488688,18.4,0.0
2025-03-07,UPL,North,624.1383666992188,0.8243913025002048,19.1,0.0
2025-03-10,UPL,North,609.8689575195312,-2.286257333474284,25.4,0.0
2025-03-11,UPL,North,609.4725341796875,-0.06500139660429172,25.8,0.0
2025-03-12,UPL,North,602.5360107421875,-1.1381191191554119,24.9,0.0
2025-03-13,UPL,North,595.9959106445312,-1.0854289172858467,24.0,5.3
2025-03-17,UPL,North,620.471923828125,4.10674179913828,22.1,0.0
2025-03-18,UPL,North,620.471923828125,0.0,22.4,0.0
2025-03-19,UPL,North,640.4391479492188,3.218070528945449,23.7,0.0
2025-03-20,UPL,North,640.9841918945312,0.08510472026230786,24.3,0.0
2025-03-21,UPL,North,652.8753662109375,1.855143148111038,24.2,0.0
2025-03-24,UPL,North,652.47900390625,-0.06071025577023548,26.3,0.0
2025-03-25,UPL,North,647.0784301757812,-0.8277007686280591,28.3,0.0
2025-03-26,UPL,North,646.48388671875,-0.09188120470492445,29.3,0.0
2025-03-27,UPL,North,650.4476318359375,0.6131235748667585,29.2,0.0
2025-03-28,UPL,North,630.4803466796875,-3.06977597871958,25.1,0.0
2025-04-01,UPL,North,628.9939575195312,-0.23575503471029435,26.0,0.0
2025-04-02,UPL,North,648.5153198242188,3.103585029921585,26.7,0.0
2025-04-03,UPL,North,645.3442993164062,-0.4889661679344792,28.5,0.0
2025-04-04,UPL,North,631.9171752929688,-2.0806140284589825,29.2,0.0
2025-04-07,UPL,North,608.8780517578125,-3.645908741833903,32.3,0.0
2025-04-08,UPL,North,608.9275512695312,0.008129626544395308,33.1,0.0
2025-04-09,UPL,North,608.6798095703125,-0.040684921991496203,33.3,0.0
2025-04-11,UPL,North,633.0567016601562,4.004879364579583,27.2,12.5
2025-04-15,UPL,North,652.0330810546875,2.997579734132305,31.5,0.0
2025-04-16,UPL,North,653.6681518554688,0.2507650069129008,32.8,0.0
2025-04-17,UPL,North,650.2494506835938,-0.523002560576169,33.4,0.0
2025-04-21,UPL,North,665.0638427734375,2.27826291498896,33.0,0.0
2025-04-22,UPL,North,666.5997924804688,0.23094770881335602,31.6,0.0
2025-04-23,UPL,North,673.7344970703125,1.0703130529481575,31.3,0.0
2025-04-24,UPL,North,677.9955444335938,0.6324520091831598,32.1,0.0
2025-04-25,UPL,North,655.84814453125,-3.266599623578059,33.3,0.0
2025-04-28,UPL,North,672.1489868164062,2.485459846319582,33.0,0.0
2025-04-29,UPL,North,663.5278930664062,-1.28261649114928,31.8,0.0
2025-04-30,UPL,North,663.8251953125,0.04480629212433307,32.0,0.0
2025-05-02,UPL,North,673.6849365234375,1.4852918028060103,26.3,13.6
2025-05-05,UPL,North,680.274658203125,0.9781607577117324,28.6,1.0
2025-05-06,UPL,North,672.8922119140625,-1.0852155375833727,27.7,0.3
2025-05-07,UPL,North,681.7610473632812,1.3180172533117984,27.9,1.5
2025-05-08,UPL,North,650.5466918945312,-4.578489133321984,28.1,5.5
2025-05-09,UPL,North,668.6312255859375,2.779897879234494,30.6,0.0
2025-05-12,UPL,North,670.712158203125,0.3112227693769398,32.7,0.0
2025-05-13,UPL,North,637.0204467773438,-5.023274293408253,33.9,0.0
2025-05-14,UPL,North,631.1244506835938,-0.925558374707991,34.0,0.0
2025-05-15,UPL,North,638.80419921875,1.2168358438400029,34.7,0.0
2025-05-16,UPL,North,638.3582153320312,-0.06981542814905595,34.8,0.0
2025-05-19,UPL,North,639.6464233398438,0.2018001769026334,34.7,0.0
2025-05-20,UPL,North,622.998779296875,-2.6026322411129676,35.4,0.0
2025-05-21,UPL,North,632.61083984375,1.5428698845483035,35.2,0.0
2025-05-22,UPL,North,626.2193603515625,-1.0103335399320956,32.0,0.0
2025-05-23,UPL,North,624.782470703125,-0.2294546830412303,32.8,0.0
2025-05-26,UPL,North,626.3184204101562,0.24583751610423032,30.0,0.1
2025-05-27,UPL,North,624.6337890625,-0.268973623121771,31.3,0.0
2025-05-28,UPL,North,625.0302124023438,0.06346492085205213,33.0,0.0
2025-05-29,UPL,North,625.2779541015625,0.03963675584042203,33.9,0.5
2025-05-30,UPL,North,622.2060546875,-0.49128541857459407,31.7,0.0
2025-06-02,UPL,North,630.5794067382812,1.3457522612805084,30.7,0.0
2025-06-03,UPL,North,629.5884399414062,-0.15715178553020737,29.7,0.0
2025-06-04,UPL,North,636.7232055664062,1.133242793604028,28.9,0.0
2025-06-05,UPL,North,641.0337524414062,0.6769891276642737,30.6,0.1
2025-06-06,UPL,North,637.0204467773438,-0.6260677614521315,32.6,0.0
2025-06-09,UPL,North,633.304443359375,-0.5833413098069062,36.3,0.0
2025-06-10,UPL,North,633.7999267578125,0.07823778968125694,36.3,0.0
2025-06-11,UPL,North,630.0839233398438,-0.5863054350570662,36.7,0.0
2025-06-12,UPL,North,626.665283203125,-0.5425690150286266,37.5,0.3
2025-06-13,UPL,North,626.7643432617188,0.015807491056052392,36.9,0.2
2025-06-16,UPL,North,637.9122924804688,1.7786508340176699,29.9,20.5
2025-06-17,UPL,North,640.240966796875,0.3650461582032527,29.9,13.4
2025-06-18,UPL,North,632.4622192382812,-1.214971856223257,29.4,5.1
2025-06-19,UPL,North,625.2283935546875,-1.1437561744487956,30.5,0.1
2025-06-20,UPL,North,627.7552490234375,0.40414918688893575,29.4,1.0
2025-06-23,UPL,North,633.0567016601562,0.8445094875695336,32.7,0.7
2025-06-24,UPL,North,638.60595703125,0.876581095586082,32.1,0.3
2025-06-25,UPL,North,644.79931640625,0.9698248672454834,29.7,28.7
2025-06-26,UPL,North,630.7280883789062,-2.1822647247470517,31.2,10.0
2025-06-27,UPL,North,639.0518798828125,1.3197115614907773,31.6,1.0
2025-06-30,UPL,North,655.2536010742188,2.535274787764852,28.3,18.4
2025-07-01,UPL,North,664.9647216796875,1.4820400207718576,28.9,8.0
2025-07-02,UPL,North,666.55029296875,0.23844442229317142,30.3,3.1
2025-07-03,UPL,North,677.9459838867188,1.7096520754965816,30.5,0.2
2025-07-04,UPL,North,675.1217651367188,-0.41658462726020806,30.7,0.3
2025-07-07,UPL,North,674.081298828125,-0.15411535552894984,29.1,8.7
2025-07-08,UPL,North,667.1943359375,-1.0216813465375507,30.9,0.0
2025-07-09,UPL,North,658.7218627929688,-1.2698658678848451,29.3,9.9
2025-07-10,UPL,North,655.6500244140625,-0.46633314489998856,27.7,2.5
2025-07-11,UPL,North,652.7999877929688,-0.4346887081474238,28.6,0.2
2025-07-14,UPL,North,659.5,1.0263499283575506,28.4,19.5
2025-07-15,UPL,North,673.7999877929688,2.1683074742939734,28.3,3.6
2025-07-16,UPL,North,671.4500122070312,-0.34876456344780093,29.0,3.9
2025-07-17,UPL,North,692.6500244140625,3.157347802757138,28.8,2.1
2025-07-18,UPL,North,686.8499755859375,-0.8373707678753783,28.8,2.3
2025-07-21,UPL,North,713.75,3.91643377305424,29.2,1.5
2025-07-22,UPL,North,722.8499755859375,1.2749527966287255,30.4,0.7
2025-07-23,UPL,North,727.3499755859375,0.6225358168342465,30.2,1.2
2025-07-24,UPL,North,726.5499877929688,-0.10998663914497664,31.0,0.2
2025-07-25,UPL,North,722.2000122070312,-0.5987166277645062,32.0,0.0
2025-07-28,UPL,North,729.8499755859375,1.05925827327642,33.0,0.7
2025-07-29,UPL,North,726.0499877929688,-0.5206532739715497,29.8,2.6
2025-07-30,UPL,North,721.9000244140625,-0.5715809446566134,28.5,10.8
2025-07-31,UPL,North,703.7999877929688,-2.5072774634943173,27.7,31.9
2025-08-01,UPL,North,665.1500244140625,-5.491611828540643,28.4,6.0
2025-08-04,UPL,North,711.7000122070312,6.998419316600812,29.1,0.2
2025-08-05,UPL,North,720.4500122070312,1.2294505901251362,28.0,12.3
2025-08-06,UPL,North,705.2999877929688,-2.102855737020781,28.9,1.7
2025-08-07,UPL,North,705.4500122070312,0.021271007607981396,30.1,0.0
2025-08-08,UPL,North,688.75,-2.3672849837771626,30.1,0.0
2025-08-11,UPL,North,693.7000122070312,0.7186950572822148,30.0,0.5
2025-08-12,UPL,North,688.6500244140625,-0.7279786224742901,29.6,0.1
2025-08-13,UPL,North,686.1500244140625,-0.36302910206488237,30.4,0.0
2025-08-14,UPL,North,683.75,-0.3497812910685294,27.9,8.1
2025-08-18,UPL,North,690.9500122070312,1.053018238688308,29.3,8.3
2025-08-19,UPL,North,707.2999877929688,2.366303682912241,29.5,4.0
2025-08-20,UPL,North,713.4500122070312,0.869507213375309,29.4,7.5
2025-08-21,UPL,North,712.4500122070312,-0.14016398947229725,30.2,19.1
2025-08-22,UPL,North,716.4500122070312,0.5614428986545628,30.5,4.3
2025-08-25,UPL,North,722.7999877929688,0.8863110444197408,26.9,8.4
2025-08-26,UPL,North,723.0999755859375,0.04150356918029008,27.5,5.9
2025-08-28,UPL,North,716.7000122070312,-0.8850731012292279,28.6,13.0
2025-08-29,UPL,North,715.75,-0.13255367529655393,28.1,13.3
2025-09-01,UPL,North,727.9500122070312,1.7045074686735884,26.0,25.7
2025-09-02,UPL,North,710.6500244140625,-2.376535133300961,25.3,28.3
2025-09-03,UPL,North,715.5999755859375,0.6965385213286046,26.3,17.9
2025-09-04,UPL,North,695.4000244140625,-2.8227993098148385,27.3,9.5
2025-09-05,UPL,North,688.8499755859375,-0.9419109286980532,27.9,5.5
2025-09-08,UPL,North,705.7999877929688,2.4606246363895856,28.7,0.4
2025-09-09,UPL,North,704.0,-0.2550280283508233,29.0,0.7
2025-09-10,UPL,North,696.9500122070312,-1.001418720592151,29.0,0.0
2025-09-11,UPL,North,701.6500244140625,0.6743686239631064,28.4,0.0
2025-09-12,UPL,North,693.0999755859375,-1.2185631768865113,28.6,0.2
2025-09-15,UPL,North,693.5999755859375,0.07213966492745083,31.0,0.0
2025-09-16,UPL,North,702.7000122070312,1.312000712428829,31.0,0.0
2025-09-17,UPL,North,704.6500244140625,0.27750279965226277,31.0,0.0
2025-09-18,UPL,North,698.9500122070312,-0.8089139302550952,30.3,1.8
2025-09-19,UPL,North,691.0999755859375,-1.1231184611194434,30.6,1.2
2025-09-22,UPL,North,682.7999877929688,-1.200982214755797,30.6,0.0
2025-09-23,UPL,North,677.2000122070312,-0.8201487530833829,30.5,0.0
2025-09-24,UPL,North,676.1500244140625,-0.1550484013647324,29.9,0.0
2025-09-25,UPL,North,669.0999755859375,-1.0426752308756337,29.9,0.0
2025-09-26,UPL,North,648.0,-3.153486228640201,30.3,0.0
2025-09-29,UPL,North,654.2000122070312,0.9567920072579117,32.5,0.2
2025-09-30,UPL,North,655.7999877929688,0.24456978845655009,30.2,8.0
2025-10-01,UPL,North,661.4500122070312,0.8615468922280822,28.4,0.2
2025-10-03,UPL,North,674.0,1.8973448577155105,28.8,1.4
2025-10-06,UPL,North,681.3499755859375,1.0905008287741103,23.8,29.2
2025-10-07,UPL,North,679.8499755859375,-0.22015117835881837,23.5,12.1
2025-10-08,UPL,North,674.7999877929688,-0.7428091452994945,22.5,3.6
2025-10-09,UPL,North,675.0499877929688,0.03704801489663456,23.6,0.2
2025-10-10,UPL,North,681.2999877929688,0.9258573606428788,23.3,0.0
2025-10-13,UPL,North,673.7999877929688,-1.1008366555672167,24.9,0.0
2025-10-14,UPL,North,669.9500122070312,-0.5713825550142992,24.9,0.0
2025-10-15,UPL,North,677.6500244140625,1.1493413040869926,24.8,0.0
2025-10-16,UPL,North,680.4000244140625,0.40581419625533854,24.6,0.0
2025-10-17,UPL,North,674.1500244140625,-0.9185772745058718,24.7,0.0
2025-10-20,UPL,North,680.7999877929688,0.9864218850523798,26.2,0.0
2025-10-21,UPL,North,680.9500122070312,0.022036488947185795,26.6,0.1
2025-10-23,UPL,North,675.6500244140625,-0.7783225931358606,24.5,0.0
2025-10-24,UPL,North,672.0499877929688,-0.5328256480440108,24.3,0.0
2025-10-27,UPL,North,679.8499755859375,1.1606261341636337,24.1,0.0
2025-10-28,UPL,North,702.5999755859375,3.3463265156981947,23.4,0.0
2025-10-29,UPL,North,720.0499877929688,2.483634046881189,23.7,0.0
2025-10-30,UPL,North,721.3499755859375,0.18054132560343383,23.7,0.3
2025-10-31,UPL,North,720.0999755859375,-0.17328620535194128,25.0,0.0
2025-11-03,UPL,North,730.5999755859375,1.4581308646006041,22.9,0.0
2025-11-04,UPL,North,731.3499755859375,0.1026553551960463,23.3,0.0
2025-11-06,UPL,North,733.3499755859375,0.2734668854535327,20.2,0.0
2025-11-07,UPL,North,747.9500122070312,1.9908689039538796,19.7,0.0
2025-11-10,UPL,North,750.6500244140625,0.36098832314530593,18.9,0.0
2025-11-11,UPL,North,752.3499755859375,0.22646388018197072,19.1,0.0
2025-11-12,UPL,North,760.5999755859375,1.0965641347399302,19.4,0.0
2025-11-13,UPL,North,758.1500244140625,-0.32210771108527325,18.3,0.0
2025-11-14,UPL,North,758.5999755859375,0.059348566561445715,18.3,0.0
2025-11-17,UPL,North,773.2000122070312,1.9246028329775289,17.7,0.0
2025-11-18,UPL,North,759.6500244140625,-1.7524557137927999,17.8,0.0
2025-11-19,UPL,North,752.6500244140625,-0.9214769663700384,18.5,0.0
2025-11-20,UPL,North,753.5,0.11293105140057769,19.0,0.0
2025-11-21,UPL,North,750.8499755859375,-0.3516953436048409,19.4,0.0
2025-11-24,UPL,North,742.7000122070312,-1.08543166330215,17.1,0.0
2025-11-25,UPL,North,749.7000122070312,0.9425070533119584,16.3,0.0
2025-11-26,UPL,North,760.5999755859375,1.453909990853286,16.1,0.0
2025-11-27,UPL,North,758.6500244140625,-0.2563701333769819,16.3,0.0
2025-11-28,UPL,North,758.6500244140625,0.0,16.9,0.0
2025-12-01,UPL,North,750.8499755859375,-1.0281484976091937,15.6,0.0
2025-12-02,UPL,North,746.75,-0.5460445787106805,17.4,0.0
2025-12-03,UPL,North,743.0,-0.5021760964178057,15.2,0.0
2025-12-04,UPL,North,756.4500122070312,1.8102304450916984,14.3,0.0
2025-12-05,UPL,North,759.0999755859375,0.35031572954500323,14.1,0.0
2025-12-08,UPL,North,739.8499755859375,-2.5358978552385336,16.9,0.0
2025-12-09,UPL,North,739.7000122070312,-0.020269430810948563,16.7,0.0
2025-12-10,UPL,North,736.9000244140625,-0.3785301807167074,16.5,0.0
2025-12-11,UPL,North,745.8499755859375,1.2145407620241855,16.1,0.0
2025-12-12,UPL,North,748.3499755859375,0.3351880514624872,15.6,0.0
2025-12-15,UPL,North,765.6500244140625,2.311759122405199,15.5,0.0
2025-12-16,UPL,North,749.9000244140625,-2.0570756217311192,16.2,0.0
2025-12-17,UPL,North,746.2999877929688,-0.4800688763687777,16.2,0.0
2025-12-18,UPL,North,744.4000244140625,-0.25458440439279917,15.4,0.0
2025-12-19,UPL,North,751.5499877929688,0.9605001537357882,14.6,0.0
2025-12-22,UPL,North,776.5499877929688,3.3264587061488715,15.0,0.0
2025-12-23,UPL,North,781.0,0.5730490344451056,15.7,0.0
2025-12-24,UPL,North,772.7000122070312,-1.0627385138244239,15.3,0.0
2025-12-26,UPL,North,774.0499877929688,0.1747088863220725,14.0,0.0
2025-12-29,UPL,North,770.9500122070312,-0.4004877766068282,12.8,0.0
2025-12-30,UPL,North,787.3499755859375,2.127240822262566,13.2,0.0
2025-12-31,UPL,North,795.1500244140625,0.9906711208468977,13.0,0.0
2026-01-01,UPL,North,805.3499755859375,1.28277065442981,13.3,2.5
2026-01-02,UPL,North,804.6500244140625,-0.0869126706517509,13.6,0.0
2026-01-05,UPL,North,805.0999755859375,0.05591886636711063,12.2,0.0
2026-01-06,UPL,North,799.2999877929688,-0.7204059084398362,11.7,0.0
2026-01-07,UPL,North,802.9500122070312,0.4566526297768325,10.4,0.0
2026-01-08,UPL,North,794.5,-1.0523708921561736,9.6,0.0
2026-01-09,UPL,North,771.7000122070312,-2.869727853111237,10.8,2.6
2026-01-12,UPL,North,773.8499755859375,0.2786009258646249,9.6,0.0
2026-01-13,UPL,North,773.4500122070312,-0.0516848732344255,9.7,0.0
2026-01-14,UPL,North,780.4000244140625,0.8985729002963572,9.6,0.0
2026-01-15,UPL,North,780.4000244140625,0.0,10.1,0.0
2026-01-16,UPL,North,790.1500244140625,1.2493592638365802,11.6,0.0
2026-01-19,UPL,North,787.1500244140625,-0.3796747335703343,16.2,0.0
2026-01-20,UPL,North,723.4500122070312,-8.092486848926693,15.8,0.0
2026-01-21,UPL,North,691.7000122070312,-4.388692993886356,15.1,0.0
2026-01-22,UPL,North,700.5,1.2722260572022082,16.7,0.0
2026-01-23,UPL,North,702.5499877929688,0.2926463658770473,15.4,27.9
2026-01-27,UPL,North,716.5499877929688,1.9927407648216544,14.6,21.7
2026-01-28,UPL,North,715.0999755859375,-0.2023602305119554,14.3,1.7
2026-01-29,UPL,North,715.9500122070312,0.11886961964964193,13.1,0.0
2026-01-30,UPL,North,703.9500122070312,-1.6760946707728985,13.3,0.0
2026-02-02,UPL,North,698.5499877929688,-0.7671033909257718,15.0,0.0
2026-02-03,UPL,North,739.7999877929688,5.90508921635331,14.0,0.0
2026-02-04,UPL,North,758.7000122070312,2.5547478677914848,14.5,0.0
2026-02-05,UPL,North,747.6500244140625,-1.456437012677081,14.8,0.0
2026-02-06,UPL,North,741.2999877929688,-0.8493327644936932,15.8,0.0
2026-02-09,UPL,North,744.0499877929688,0.37096992382090743,16.7,0.0
2026-02-10,UPL,North,746.0,0.2620808062661739,18.8,0.0
2026-02-11,UPL,North,749.0,0.40214477211795163,19.1,0.0
2026-02-12,UPL,North,744.9000244140625,-0.5473932691505312,17.7,0.0
2026-02-13,UPL,North,724.2999877929688,-2.7654767010241055,17.6,0.0
2026-02-16,UPL,North,733.7999877929688,1.3116112329295548,20.5,0.0
2026-02-17,UPL,North,741.1500244140625,1.0016403302486099,22.6,0.0
2026-02-18,UPL,North,747.6500244140625,0.8770154200748781,18.3,1.3
2026-02-19,UPL,North,765.0499877929688,2.3272872080145612,18.6,0.1
2026-02-20,UPL,North,752.3499755859375,-1.6600238428430614,19.4,0.0
2026-02-23,UPL,North,644.7999877929688,-14.295207188543834,20.5,0.0
2026-02-24,UPL,North,630.5499877929688,-2.2099876348904868,20.6,0.0
2026-02-25,UPL,North,626.2000122070312,-0.6898700610816211,20.5,0.0
2026-02-26,UPL,North,640.4500122070312,2.2756307445245927,20.7,0.0
2026-02-27,UPL,North,637.4000244140625,-0.47622573734651397,21.7,0.0
2026-03-02,UPL,North,622.8499755859375,-2.2827185865736843,22.3,0.0
2026-03-04,UPL,North,614.0999755859375,-1.4048326792930443,24.6,0.0
2026-03-05,UPL,North,629.5999755859375,2.524018989776189,26.1,0.0
2026-03-06,UPL,North,628.3499755859375,-0.19853876246368474,25.6,0.0
2026-03-09,UPL,North,625.0,-0.5331384922572235,26.5,0.0
2026-03-10,UPL,North,630.2999877929688,0.8479980468750092,26.8,0.0
2026-03-11,UPL,North,625.8499755859375,-0.7060149600531029,26.9,0.0
2026-03-12,UPL,North,629.0499877929688,0.5113065961271701,26.8,0.0
2026-03-13,UPL,North,609.4000244140625,-3.1237522868172163,25.8,0.0
2026-03-16,UPL,North,608.7999877929688,-0.09846350460367415,23.2,0.0
2026-03-17,UPL,North,615.8499755859375,1.1580137868475449,22.8,0.0
2026-03-18,UPL,North,631.5,2.5412072800965246,23.0,6.8
2026-03-19,UPL,North,611.7999877929688,-3.1195585442646445,21.7,2.0
2026-03-20,UPL,North,625.5499877929688,2.2474665371606584,17.6,5.7
